Student_ID,Age,Gender,Parental_Education,Study_Hours_Per_Week,Attendance_Rate,Past_Exam_Score,Internal_Assessment_Score,Assignment_Completion_Rate,Tutoring_Classes,Internet_Access,Extracurricular_Activities,Sleep_Hours_Per_Day,Final_Score,Performance_Category,Passed,Attendance_Group,Study_Hours_Group,Risk_Level,Grade_Point
STU1001,19,Female,Bachelor,9.4,74.2,63.4,23.6,77.7,Yes,Yes,No,6.9,63.0,Pass,Yes,Moderate (65-75%),Medium (8-16 hrs),Moderate Risk,6.3
STU1002,22,Male,High School,11.5,80.4,76.4,28.5,80.8,Yes,Yes,Yes,8.3,68.4,Merit,Yes,Good (75-85%),Medium (8-16 hrs),Low Risk,6.84
STU1003,20,Male,Bachelor,20.4,82.9,76.6,37.3,71.7,No,Yes,No,5.9,77.7,Merit,Yes,Good (75-85%),High (>16 hrs),Low Risk,7.77
STU1004,19,Male,High School,27.0,81.1,71.9,37.1,85.0,No,Yes,Yes,5.6,76.0,Merit,Yes,Good (75-85%),High (>16 hrs),Low Risk,7.6
STU1005,18,Male,High School,12.7,81.9,42.4,18.3,83.9,No,Yes,Yes,7.0,53.5,Pass,Yes,Good (75-85%),Medium (8-16 hrs),Moderate Risk,5.35
STU1006,18,Female,Diploma,14.8,54.1,64.1,27.1,51.1,Yes,No,Yes,6.7,52.7,Pass,Yes,Critical (<65%),Medium (8-16 hrs),High Risk,5.27
STU1007,18,Female,Diploma,9.9,69.8,78.6,32.5,76.3,No,Yes,Yes,7.7,65.8,Merit,Yes,Moderate (65-75%),Medium (8-16 hrs),Low Risk,6.58
STU1008,21,Male,Bachelor,12.7,82.6,71.2,28.0,73.3,No,Yes,No,8.0,63.0,Pass,Yes,Good (75-85%),Medium (8-16 hrs),Moderate Risk,6.3
STU1009,20,Male,Bachelor,10.1,54.6,67.5,34.4,49.8,Yes,Yes,No,7.8,60.1,Pass,Yes,Critical (<65%),Medium (8-16 hrs),High Risk,6.01
STU1010,20,Female,Bachelor,12.1,41.6,69.6,30.0,52.3,Yes,No,No,7.0,57.4,Pass,Yes,Critical (<65%),Medium (8-16 hrs),High Risk,5.74
STU1011,18,Male,Diploma,11.2,66.7,69.4,32.3,69.8,Yes,No,Yes,7.6,60.5,Pass,Yes,Moderate (65-75%),Medium (8-16 hrs),Moderate Risk,6.05
STU1012,22,Male,Bachelor,26.8,91.8,37.5,12.0,76.2,Yes,Yes,Yes,5.3,51.8,Pass,Yes,Excellent (>85%),High (>16 hrs),Moderate Risk,5.18
STU1013,21,Male,Bachelor,18.1,74.3,81.2,40.0,68.4,No,Yes,No,8.2,71.6,Merit,Yes,Moderate (65-75%),High (>16 hrs),Low Risk,7.16
STU1014,18,Female,Diploma,10.7,62.9,63.5,30.6,73.9,Yes,Yes,Yes,6.6,58.9,Pass,Yes,Critical (<65%),Medium (8-16 hrs),Moderate Risk,5.89
STU1015,18,Female,Bachelor,12.1,93.2,74.9,29.0,88.8,No,Yes,No,9.2,60.7,Pass,Yes,Excellent (>85%),Medium (8-16 hrs),Moderate Risk,6.07
STU1016,18,Male,Master,16.1,54.3,32.7,15.6,62.6,No,Yes,No,8.2,45.1,At-Risk,No,Critical (<65%),High (>16 hrs),High Risk,4.51
STU1017,19,Male,High School,6.4,87.5,88.3,39.8,75.5,Yes,No,Yes,6.8,65.8,Merit,Yes,Excellent (>85%),Low (<8 hrs),Low Risk,6.58
STU1018,19,Female,Master,13.8,74.9,48.8,20.4,64.0,No,No,No,7.0,52.1,Pass,Yes,Moderate (65-75%),Medium (8-16 hrs),Moderate Risk,5.21
STU1019,19,Female,High School,17.6,50.4,98.0,33.9,50.8,Yes,Yes,No,8.3,73.8,Merit,Yes,Critical (<65%),High (>16 hrs),High Risk,7.38
STU1020,19,Male,Diploma,16.5,80.7,94.7,40.3,71.5,No,Yes,No,4.5,74.3,Merit,Yes,Good (75-85%),High (>16 hrs),Low Risk,7.43
STU1021,20,Female,Diploma,8.2,74.3,46.5,22.0,66.7,Yes,Yes,Yes,6.8,55.2,Pass,Yes,Moderate (65-75%),Medium (8-16 hrs),Moderate Risk,5.52
STU1022,18,Male,Bachelor,9.1,75.1,76.4,32.5,66.4,No,Yes,Yes,8.9,66.0,Merit,Yes,Good (75-85%),Medium (8-16 hrs),Low Risk,6.6
STU1023,19,Male,High School,3.6,82.6,50.8,22.1,79.3,No,Yes,Yes,7.9,54.0,Pass,Yes,Good (75-85%),Low (<8 hrs),Moderate Risk,5.4
STU1024,19,Female,Master,18.5,77.5,56.0,30.4,70.8,No,Yes,Yes,6.1,65.8,Merit,Yes,Good (75-85%),High (>16 hrs),Low Risk,6.58
STU1025,19,Male,Bachelor,32.4,86.8,56.4,25.1,87.2,No,Yes,Yes,7.3,73.4,Merit,Yes,Excellent (>85%),High (>16 hrs),Low Risk,7.34
STU1026,20,Female,Bachelor,7.6,74.5,71.3,24.7,65.8,No,Yes,No,5.9,65.2,Merit,Yes,Moderate (65-75%),Low (<8 hrs),Low Risk,6.52
STU1027,18,Male,Diploma,21.7,96.9,69.5,30.6,87.1,No,Yes,No,6.6,77.8,Merit,Yes,Excellent (>85%),High (>16 hrs),Low Risk,7.78
STU1028,19,Male,Master,30.9,73.0,48.2,22.0,61.4,No,Yes,No,7.4,58.9,Pass,Yes,Moderate (65-75%),High (>16 hrs),Moderate Risk,5.89
STU1029,19,Female,Bachelor,10.0,88.7,71.2,29.2,81.7,No,Yes,Yes,7.6,70.2,Merit,Yes,Excellent (>85%),Medium (8-16 hrs),Low Risk,7.02
STU1030,18,Male,Diploma,12.1,87.8,62.1,30.5,72.6,No,Yes,No,7.8,66.4,Merit,Yes,Excellent (>85%),Medium (8-16 hrs),Low Risk,6.64
STU1031,20,Female,Bachelor,14.6,73.9,39.5,12.7,81.3,Yes,Yes,Yes,8.4,50.6,Pass,Yes,Moderate (65-75%),Medium (8-16 hrs),Moderate Risk,5.06
STU1032,18,Male,Bachelor,16.2,65.8,58.9,26.0,71.9,No,Yes,No,5.7,56.9,Pass,Yes,Moderate (65-75%),High (>16 hrs),Moderate Risk,5.69
STU1033,18,Male,Bachelor,15.0,91.3,88.2,34.5,83.7,No,Yes,No,7.0,76.7,Merit,Yes,Excellent (>85%),Medium (8-16 hrs),Low Risk,7.67
STU1034,22,Male,Diploma,10.4,88.6,59.4,25.7,73.8,No,Yes,No,6.1,58.1,Pass,Yes,Excellent (>85%),Medium (8-16 hrs),Moderate Risk,5.81
STU1035,22,Female,Diploma,17.5,76.0,39.3,20.2,75.0,Yes,No,No,6.6,47.7,At-Risk,No,Good (75-85%),High (>16 hrs),High Risk,4.77
STU1036,20,Male,High School,10.5,90.8,76.4,33.8,88.7,No,Yes,No,6.2,72.9,Merit,Yes,Excellent (>85%),Medium (8-16 hrs),Low Risk,7.29
STU1037,19,Female,Diploma,15.5,87.2,52.0,22.6,74.9,No,Yes,Yes,7.5,59.3,Pass,Yes,Excellent (>85%),Medium (8-16 hrs),Moderate Risk,5.93
STU1038,18,Male,Bachelor,12.6,71.7,68.0,30.7,71.6,No,Yes,Yes,8.2,64.6,Pass,Yes,Moderate (65-75%),Medium (8-16 hrs),Moderate Risk,6.46
STU1039,20,Female,Master,4.2,78.1,62.6,28.4,81.0,No,Yes,Yes,8.2,64.6,Pass,Yes,Good (75-85%),Low (<8 hrs),Moderate Risk,6.46
STU1040,19,Male,Master,23.3,79.2,89.7,42.8,80.8,Yes,Yes,Yes,5.8,86.7,Distinction,Yes,Good (75-85%),High (>16 hrs),Low Risk,8.67
STU1041,18,Female,Bachelor,9.2,66.6,62.6,30.6,72.7,Yes,No,No,6.9,62.3,Pass,Yes,Moderate (65-75%),Medium (8-16 hrs),Moderate Risk,6.23
STU1042,19,Female,Bachelor,24.4,79.8,49.0,27.0,83.4,Yes,No,Yes,5.8,60.7,Pass,Yes,Good (75-85%),High (>16 hrs),Moderate Risk,6.07
STU1043,18,Female,High School,21.3,92.2,58.4,26.9,93.3,No,Yes,No,5.7,65.0,Merit,Yes,Excellent (>85%),High (>16 hrs),Low Risk,6.5
STU1044,21,Female,Bachelor,14.4,87.6,47.8,15.7,79.4,No,Yes,Yes,6.3,55.5,Pass,Yes,Excellent (>85%),Medium (8-16 hrs),Moderate Risk,5.55
STU1045,19,Female,High School,16.7,99.6,62.1,30.9,91.1,Yes,Yes,No,7.4,79.9,Merit,Yes,Excellent (>85%),High (>16 hrs),Low Risk,7.99
STU1046,20,Female,Diploma,17.7,85.0,89.8,45.1,85.3,No,Yes,No,7.6,86.5,Distinction,Yes,Good (75-85%),High (>16 hrs),Low Risk,8.65
STU1047,19,Male,Bachelor,11.6,97.4,82.5,45.7,92.1,No,Yes,Yes,7.7,86.1,Distinction,Yes,Excellent (>85%),Medium (8-16 hrs),Low Risk,8.61
STU1048,19,Male,Diploma,11.8,73.1,93.6,47.2,81.1,Yes,Yes,No,7.7,79.4,Merit,Yes,Moderate (65-75%),Medium (8-16 hrs),Low Risk,7.94
STU1049,19,Female,High School,17.2,91.9,71.7,30.5,74.6,Yes,No,No,6.1,69.2,Merit,Yes,Excellent (>85%),High (>16 hrs),Low Risk,6.92
STU1050,18,Female,Bachelor,12.7,96.7,67.0,30.8,84.8,No,Yes,Yes,8.3,72.8,Merit,Yes,Excellent (>85%),Medium (8-16 hrs),Low Risk,7.28
STU1051,22,Female,Diploma,10.4,64.3,51.0,22.0,60.6,Yes,Yes,No,7.9,60.8,Pass,Yes,Critical (<65%),Medium (8-16 hrs),Moderate Risk,6.08
STU1052,20,Male,High School,8.3,84.9,68.8,29.5,74.7,No,Yes,Yes,6.5,58.9,Pass,Yes,Good (75-85%),Medium (8-16 hrs),Moderate Risk,5.89
STU1053,21,Male,High School,15.8,45.2,63.2,28.0,46.1,No,Yes,No,6.6,56.2,Pass,Yes,Critical (<65%),Medium (8-16 hrs),High Risk,5.62
STU1054,21,Male,High School,9.1,85.8,75.9,38.7,84.2,No,Yes,No,6.3,75.2,Merit,Yes,Excellent (>85%),Medium (8-16 hrs),Low Risk,7.52
STU1055,19,Female,High School,19.5,87.7,49.3,16.6,73.1,No,No,No,5.6,53.0,Pass,Yes,Excellent (>85%),High (>16 hrs),Moderate Risk,5.3
STU1056,21,Male,Bachelor,20.3,65.7,65.7,26.1,70.8,No,Yes,No,7.7,58.8,Pass,Yes,Moderate (65-75%),High (>16 hrs),Moderate Risk,5.88
STU1057,18,Male,Diploma,16.6,67.1,43.0,23.6,70.8,No,Yes,Yes,7.9,54.0,Pass,Yes,Moderate (65-75%),High (>16 hrs),Moderate Risk,5.4
STU1058,18,Male,Bachelor,18.3,78.4,69.7,36.5,69.9,No,Yes,No,6.0,72.5,Merit,Yes,Good (75-85%),High (>16 hrs),Low Risk,7.25
STU1059,18,Male,High School,16.6,86.2,74.5,31.2,75.4,No,Yes,No,5.6,70.2,Merit,Yes,Excellent (>85%),High (>16 hrs),Low Risk,7.02
STU1060,19,Female,Diploma,19.0,61.9,42.3,24.8,65.9,Yes,No,No,6.0,50.0,Pass,Yes,Critical (<65%),High (>16 hrs),Moderate Risk,5.0
STU1061,19,Male,Bachelor,18.6,74.2,46.2,24.2,77.2,No,Yes,No,7.1,55.6,Pass,Yes,Moderate (65-75%),High (>16 hrs),Moderate Risk,5.56
STU1062,19,Female,Bachelor,15.3,64.5,46.9,20.2,72.7,No,No,Yes,5.5,49.6,At-Risk,No,Critical (<65%),Medium (8-16 hrs),High Risk,4.96
STU1063,21,Male,Bachelor,21.4,96.7,62.5,19.6,94.7,No,Yes,No,8.2,65.1,Merit,Yes,Excellent (>85%),High (>16 hrs),Low Risk,6.51
STU1064,19,Male,Master,11.8,80.2,45.4,14.6,85.4,Yes,Yes,Yes,8.2,54.8,Pass,Yes,Good (75-85%),Medium (8-16 hrs),Moderate Risk,5.48
STU1065,19,Male,High School,8.5,67.7,84.3,35.6,69.0,Yes,Yes,No,7.5,70.7,Merit,Yes,Moderate (65-75%),Medium (8-16 hrs),Low Risk,7.07
STU1066,19,Male,Diploma,8.2,89.3,71.1,34.7,90.7,No,Yes,Yes,7.9,70.4,Merit,Yes,Excellent (>85%),Medium (8-16 hrs),Low Risk,7.04
STU1067,18,Male,Master,10.9,74.8,73.4,35.7,78.5,Yes,Yes,No,7.1,76.8,Merit,Yes,Moderate (65-75%),Medium (8-16 hrs),Low Risk,7.68
STU1068,20,Male,High School,3.9,93.5,42.8,17.6,93.3,No,Yes,No,7.5,48.6,At-Risk,No,Excellent (>85%),Low (<8 hrs),High Risk,4.86
STU1069,18,Female,High School,14.3,62.0,83.1,36.6,53.6,No,Yes,No,5.6,63.6,Pass,Yes,Critical (<65%),Medium (8-16 hrs),Moderate Risk,6.36
STU1070,23,Male,High School,17.8,83.3,74.1,33.2,87.6,No,Yes,Yes,8.5,70.3,Merit,Yes,Good (75-85%),High (>16 hrs),Low Risk,7.03
STU1071,20,Female,Bachelor,20.2,87.3,55.4,24.2,80.6,Yes,No,No,6.5,57.7,Pass,Yes,Excellent (>85%),High (>16 hrs),Moderate Risk,5.77
STU1072,18,Female,High School,4.8,89.8,43.4,20.1,88.8,Yes,No,No,6.9,53.6,Pass,Yes,Excellent (>85%),Low (<8 hrs),Moderate Risk,5.36
STU1073,18,Female,High School,8.4,83.5,63.9,28.6,71.0,Yes,Yes,No,9.7,54.6,Pass,Yes,Good (75-85%),Medium (8-16 hrs),Moderate Risk,5.46
STU1074,20,Male,Diploma,19.2,72.2,58.5,20.5,68.5,Yes,No,Yes,6.8,58.8,Pass,Yes,Moderate (65-75%),High (>16 hrs),Moderate Risk,5.88
STU1075,20,Male,Bachelor,11.6,83.7,59.1,25.9,74.0,No,Yes,No,7.8,65.1,Merit,Yes,Good (75-85%),Medium (8-16 hrs),Low Risk,6.51
STU1076,20,Male,High School,17.6,60.6,55.1,24.7,58.3,No,Yes,Yes,7.6,55.5,Pass,Yes,Critical (<65%),High (>16 hrs),Moderate Risk,5.55
STU1077,20,Male,Diploma,6.2,80.8,75.1,37.3,69.0,Yes,Yes,No,5.5,66.2,Merit,Yes,Good (75-85%),Low (<8 hrs),Low Risk,6.62
STU1078,18,Female,Bachelor,24.3,77.4,30.0,12.0,80.3,Yes,No,Yes,5.9,49.4,At-Risk,No,Good (75-85%),High (>16 hrs),High Risk,4.94
STU1079,19,Male,Master,5.9,63.6,85.0,39.0,54.7,Yes,Yes,Yes,9.2,65.9,Merit,Yes,Critical (<65%),Low (<8 hrs),Low Risk,6.59
STU1080,18,Male,Bachelor,2.0,96.8,79.0,37.5,84.0,No,Yes,Yes,7.6,69.8,Merit,Yes,Excellent (>85%),Low (<8 hrs),Low Risk,6.98
STU1081,21,Female,Bachelor,14.1,51.0,67.9,30.0,49.2,No,Yes,Yes,7.0,60.4,Pass,Yes,Critical (<65%),Medium (8-16 hrs),High Risk,6.04
STU1082,20,Female,Diploma,14.3,85.8,63.0,22.2,81.8,No,Yes,Yes,6.4,64.2,Pass,Yes,Excellent (>85%),Medium (8-16 hrs),Moderate Risk,6.42
STU1083,19,Female,High School,9.8,95.0,80.2,39.6,81.6,No,Yes,No,7.4,79.4,Merit,Yes,Excellent (>85%),Medium (8-16 hrs),Low Risk,7.94
STU1084,18,Male,Diploma,16.3,75.2,64.4,31.6,67.8,No,Yes,No,7.5,63.8,Pass,Yes,Good (75-85%),High (>16 hrs),Moderate Risk,6.38
STU1085,19,Male,Bachelor,16.5,77.3,61.1,28.3,73.9,No,Yes,Yes,7.2,64.5,Pass,Yes,Good (75-85%),High (>16 hrs),Moderate Risk,6.45
STU1086,19,Male,Diploma,15.6,80.7,80.9,36.5,79.5,Yes,No,No,8.2,77.6,Merit,Yes,Good (75-85%),Medium (8-16 hrs),Low Risk,7.76
STU1087,20,Male,Bachelor,9.7,90.5,94.3,36.2,75.8,No,Yes,No,6.0,84.1,Distinction,Yes,Excellent (>85%),Medium (8-16 hrs),Low Risk,8.41
STU1088,20,Male,Master,8.7,96.1,51.4,25.8,80.8,Yes,Yes,No,5.9,69.3,Merit,Yes,Excellent (>85%),Medium (8-16 hrs),Low Risk,6.93
STU1089,21,Male,High School,10.3,61.8,70.9,37.1,58.2,No,Yes,Yes,8.1,62.2,Pass,Yes,Critical (<65%),Medium (8-16 hrs),Moderate Risk,6.22
STU1090,19,Male,High School,8.1,98.9,49.8,18.5,98.7,Yes,Yes,Yes,9.3,56.6,Pass,Yes,Excellent (>85%),Medium (8-16 hrs),Moderate Risk,5.66
STU1091,18,Male,High School,21.9,87.7,72.0,37.1,79.3,No,Yes,No,7.9,74.0,Merit,Yes,Excellent (>85%),High (>16 hrs),Low Risk,7.4
STU1092,20,Male,Diploma,10.8,87.7,54.1,28.3,83.4,Yes,Yes,Yes,8.4,67.5,Merit,Yes,Excellent (>85%),Medium (8-16 hrs),Low Risk,6.75
STU1093,20,Female,High School,13.9,75.3,82.0,32.9,67.5,No,No,Yes,6.9,61.9,Pass,Yes,Good (75-85%),Medium (8-16 hrs),Moderate Risk,6.19
STU1094,19,Female,Bachelor,19.2,79.6,63.6,27.2,75.5,Yes,Yes,Yes,7.3,70.1,Merit,Yes,Good (75-85%),High (>16 hrs),Low Risk,7.01
STU1095,20,Female,High School,7.9,87.7,65.7,24.7,72.9,No,No,Yes,7.3,57.4,Pass,Yes,Excellent (>85%),Low (<8 hrs),Moderate Risk,5.74
STU1096,19,Male,Diploma,5.8,56.2,87.8,39.3,50.0,No,Yes,No,6.9,67.4,Merit,Yes,Critical (<65%),Low (<8 hrs),High Risk,6.74
STU1097,19,Male,High School,8.1,79.8,54.7,26.2,75.2,Yes,Yes,Yes,8.6,57.7,Pass,Yes,Good (75-85%),Medium (8-16 hrs),Moderate Risk,5.77
STU1098,19,Male,Master,14.7,86.7,74.6,28.9,78.7,No,Yes,No,8.2,71.4,Merit,Yes,Excellent (>85%),Medium (8-16 hrs),Low Risk,7.14
STU1099,18,Female,Bachelor,14.2,78.7,56.1,26.6,67.8,No,Yes,No,6.6,66.0,Merit,Yes,Good (75-85%),Medium (8-16 hrs),Low Risk,6.6
STU1100,18,Female,Master,15.6,93.5,81.7,39.0,89.2,Yes,Yes,No,5.2,78.1,Merit,Yes,Excellent (>85%),Medium (8-16 hrs),Low Risk,7.81
STU1101,18,Male,Master,12.2,50.5,90.0,42.8,65.2,No,Yes,Yes,6.9,73.8,Merit,Yes,Critical (<65%),Medium (8-16 hrs),High Risk,7.38
STU1102,20,Female,Diploma,2.4,69.0,61.3,29.2,66.2,No,Yes,Yes,5.7,50.8,Pass,Yes,Moderate (65-75%),Low (<8 hrs),Moderate Risk,5.08
STU1103,19,Male,High School,12.0,40.0,34.3,12.0,50.5,No,Yes,No,7.0,36.3,At-Risk,No,Critical (<65%),Medium (8-16 hrs),High Risk,3.63
STU1104,19,Female,High School,20.5,81.3,55.4,24.5,86.2,No,Yes,Yes,5.8,62.7,Pass,Yes,Good (75-85%),High (>16 hrs),Moderate Risk,6.27
STU1105,21,Female,High School,23.0,94.7,98.0,45.3,92.9,No,No,No,8.4,84.8,Distinction,Yes,Excellent (>85%),High (>16 hrs),Low Risk,8.48
STU1106,18,Female,Bachelor,13.4,69.6,56.7,30.6,68.0,No,Yes,Yes,7.8,63.0,Pass,Yes,Moderate (65-75%),Medium (8-16 hrs),Moderate Risk,6.3
STU1107,19,Female,High School,14.2,87.2,89.8,40.4,85.8,No,Yes,No,7.7,78.1,Merit,Yes,Excellent (>85%),Medium (8-16 hrs),Low Risk,7.81
STU1108,20,Female,High School,17.4,76.4,56.5,26.9,66.0,No,Yes,No,8.2,63.5,Pass,Yes,Good (75-85%),High (>16 hrs),Moderate Risk,6.35
STU1109,18,Male,Bachelor,22.7,97.6,56.2,22.0,88.6,Yes,Yes,No,7.4,67.6,Merit,Yes,Excellent (>85%),High (>16 hrs),Low Risk,6.76
STU1110,18,Female,Bachelor,12.8,67.4,75.9,30.1,62.8,Yes,Yes,No,7.6,72.7,Merit,Yes,Moderate (65-75%),Medium (8-16 hrs),Low Risk,7.27
STU1111,19,Male,Bachelor,17.3,75.7,74.2,28.9,66.2,No,Yes,Yes,8.6,67.9,Merit,Yes,Good (75-85%),High (>16 hrs),Low Risk,6.79
STU1112,18,Female,Diploma,9.5,65.7,76.9,33.1,64.5,No,Yes,Yes,6.9,64.2,Pass,Yes,Moderate (65-75%),Medium (8-16 hrs),Moderate Risk,6.42
STU1113,21,Female,Bachelor,6.3,95.4,65.1,36.5,79.4,No,Yes,Yes,7.7,65.5,Merit,Yes,Excellent (>85%),Low (<8 hrs),Low Risk,6.55
STU1114,20,Female,Bachelor,10.0,69.6,79.5,34.4,72.7,Yes,Yes,Yes,5.8,68.6,Merit,Yes,Moderate (65-75%),Medium (8-16 hrs),Low Risk,6.86
STU1115,20,Male,High School,25.2,92.5,78.5,36.6,83.9,No,Yes,No,7.1,79.6,Merit,Yes,Excellent (>85%),High (>16 hrs),Low Risk,7.96
STU1116,21,Female,Bachelor,17.5,57.6,81.1,38.4,60.9,Yes,Yes,Yes,9.5,67.0,Merit,Yes,Critical (<65%),High (>16 hrs),High Risk,6.7
STU1117,20,Female,Master,6.6,78.6,56.3,21.5,67.9,No,Yes,Yes,7.9,59.4,Pass,Yes,Good (75-85%),Low (<8 hrs),Moderate Risk,5.94
STU1118,18,Female,High School,17.9,77.8,79.5,34.3,67.3,No,Yes,No,6.9,71.7,Merit,Yes,Good (75-85%),High (>16 hrs),Low Risk,7.17
STU1119,21,Male,Diploma,6.9,87.6,57.7,28.2,83.0,No,Yes,Yes,7.3,57.1,Pass,Yes,Excellent (>85%),Low (<8 hrs),Moderate Risk,5.71
STU1120,19,Male,Diploma,15.5,94.1,62.8,29.8,95.6,Yes,Yes,No,7.0,74.8,Merit,Yes,Excellent (>85%),Medium (8-16 hrs),Low Risk,7.48
STU1121,20,Male,High School,7.7,82.1,62.5,21.1,69.4,No,Yes,Yes,7.3,56.2,Pass,Yes,Good (75-85%),Low (<8 hrs),Moderate Risk,5.62
STU1122,21,Male,Bachelor,6.4,59.5,51.0,25.0,57.4,No,Yes,Yes,6.6,50.9,Pass,Yes,Critical (<65%),Low (<8 hrs),High Risk,5.09
STU1123,19,Female,Diploma,27.3,70.3,40.7,16.4,76.6,No,No,No,7.5,52.3,Pass,Yes,Moderate (65-75%),High (>16 hrs),Moderate Risk,5.23
STU1124,18,Male,Bachelor,10.8,59.7,82.1,35.1,53.2,Yes,Yes,No,7.6,65.5,Merit,Yes,Critical (<65%),Medium (8-16 hrs),High Risk,6.55
STU1125,18,Female,Bachelor,17.3,95.6,55.2,26.3,94.4,No,Yes,Yes,7.0,63.5,Pass,Yes,Excellent (>85%),High (>16 hrs),Moderate Risk,6.35
STU1126,19,Male,Bachelor,13.1,90.7,61.2,32.9,84.0,Yes,Yes,Yes,7.2,73.2,Merit,Yes,Excellent (>85%),Medium (8-16 hrs),Low Risk,7.32
STU1127,20,Male,High School,7.2,73.5,54.8,24.0,69.6,No,Yes,Yes,7.4,49.0,At-Risk,No,Moderate (65-75%),Low (<8 hrs),High Risk,4.9
STU1128,21,Female,High School,11.4,80.9,61.4,31.8,72.8,Yes,Yes,Yes,6.4,64.9,Pass,Yes,Good (75-85%),Medium (8-16 hrs),Moderate Risk,6.49
STU1129,18,Female,High School,7.3,84.4,57.9,21.0,75.0,Yes,Yes,Yes,7.5,62.5,Pass,Yes,Good (75-85%),Low (<8 hrs),Moderate Risk,6.25
STU1130,19,Male,High School,35.0,87.9,82.9,37.8,77.6,Yes,No,No,7.9,81.1,Distinction,Yes,Excellent (>85%),High (>16 hrs),Low Risk,8.11
STU1131,19,Female,Diploma,18.8,89.3,56.7,23.6,90.2,Yes,Yes,Yes,8.6,63.2,Pass,Yes,Excellent (>85%),High (>16 hrs),Moderate Risk,6.32
STU1132,18,Female,Bachelor,13.0,91.0,89.0,41.0,88.2,Yes,Yes,No,7.4,85.1,Distinction,Yes,Excellent (>85%),Medium (8-16 hrs),Low Risk,8.51
STU1133,18,Male,Diploma,16.9,61.2,80.9,35.4,66.2,No,Yes,No,6.4,67.3,Merit,Yes,Critical (<65%),High (>16 hrs),Low Risk,6.73
STU1134,19,Female,Bachelor,18.2,73.8,58.4,21.6,77.6,Yes,No,Yes,6.9,56.8,Pass,Yes,Moderate (65-75%),High (>16 hrs),Moderate Risk,5.68
STU1135,22,Female,Diploma,18.3,86.1,69.5,28.2,75.4,No,Yes,Yes,5.7,78.5,Merit,Yes,Excellent (>85%),High (>16 hrs),Low Risk,7.85
STU1136,19,Female,Bachelor,17.9,91.3,72.3,26.8,86.3,Yes,Yes,No,7.8,75.8,Merit,Yes,Excellent (>85%),High (>16 hrs),Low Risk,7.58
STU1137,19,Male,Master,17.2,90.0,76.8,30.0,82.2,No,Yes,Yes,4.7,68.3,Merit,Yes,Excellent (>85%),High (>16 hrs),Low Risk,6.83
STU1138,20,Female,High School,13.5,68.1,78.2,36.9,73.3,No,Yes,No,8.1,71.5,Merit,Yes,Moderate (65-75%),Medium (8-16 hrs),Low Risk,7.15
STU1139,19,Male,Bachelor,26.3,74.7,67.6,29.5,68.5,Yes,Yes,Yes,8.3,71.5,Merit,Yes,Moderate (65-75%),High (>16 hrs),Low Risk,7.15
STU1140,22,Male,Bachelor,14.0,75.1,51.6,24.0,75.4,No,No,No,4.0,47.3,At-Risk,No,Good (75-85%),Medium (8-16 hrs),High Risk,4.73
STU1141,22,Male,Bachelor,13.2,84.9,74.0,39.7,87.1,Yes,Yes,Yes,8.4,79.3,Merit,Yes,Good (75-85%),Medium (8-16 hrs),Low Risk,7.93
STU1142,19,Male,Bachelor,14.0,92.9,61.7,26.7,83.1,No,Yes,Yes,8.1,67.8,Merit,Yes,Excellent (>85%),Medium (8-16 hrs),Low Risk,6.78
STU1143,19,Female,Diploma,14.5,66.9,30.0,15.7,58.2,No,Yes,Yes,6.7,46.5,At-Risk,No,Moderate (65-75%),Medium (8-16 hrs),High Risk,4.65
STU1144,19,Female,High School,4.8,46.0,70.5,31.8,52.5,Yes,Yes,Yes,5.7,62.6,Pass,Yes,Critical (<65%),Low (<8 hrs),High Risk,6.26
STU1145,19,Female,High School,8.0,89.6,54.7,34.3,79.6,Yes,Yes,No,6.1,70.8,Merit,Yes,Excellent (>85%),Low (<8 hrs),Low Risk,7.08
STU1146,18,Male,Bachelor,12.2,94.5,58.6,15.8,89.6,Yes,Yes,No,6.2,66.0,Merit,Yes,Excellent (>85%),Medium (8-16 hrs),Low Risk,6.6
STU1147,20,Male,Master,4.7,86.9,65.1,26.8,89.9,No,Yes,Yes,8.4,67.3,Merit,Yes,Excellent (>85%),Low (<8 hrs),Low Risk,6.73
STU1148,19,Male,Bachelor,13.0,80.0,43.2,21.7,75.7,No,Yes,No,6.5,58.5,Pass,Yes,Good (75-85%),Medium (8-16 hrs),Moderate Risk,5.85
STU1149,18,Female,Diploma,14.4,77.9,66.9,27.5,73.9,No,Yes,No,8.0,65.7,Merit,Yes,Good (75-85%),Medium (8-16 hrs),Low Risk,6.57
STU1150,19,Male,Bachelor,6.1,79.7,60.6,29.3,78.9,No,Yes,No,6.9,56.8,Pass,Yes,Good (75-85%),Low (<8 hrs),Moderate Risk,5.68
STU1151,21,Female,Bachelor,9.1,82.3,52.7,23.5,69.7,Yes,Yes,Yes,7.1,62.2,Pass,Yes,Good (75-85%),Medium (8-16 hrs),Moderate Risk,6.22
STU1152,18,Female,Diploma,23.5,75.5,65.6,32.5,67.9,Yes,Yes,No,5.3,71.2,Merit,Yes,Good (75-85%),High (>16 hrs),Low Risk,7.12
STU1153,18,Male,High School,16.9,90.0,41.3,14.6,91.4,Yes,Yes,Yes,5.7,55.0,Pass,Yes,Excellent (>85%),High (>16 hrs),Moderate Risk,5.5
STU1154,19,Female,High School,16.5,63.2,66.1,30.3,67.6,No,No,No,8.4,55.9,Pass,Yes,Critical (<65%),High (>16 hrs),Moderate Risk,5.59
STU1155,23,Male,Bachelor,22.1,65.1,71.6,33.9,55.8,Yes,Yes,No,6.8,71.2,Merit,Yes,Moderate (65-75%),High (>16 hrs),Low Risk,7.12
STU1156,18,Female,Bachelor,8.1,88.3,69.3,31.6,75.9,No,Yes,No,7.3,68.0,Merit,Yes,Excellent (>85%),Medium (8-16 hrs),Low Risk,6.8
STU1157,20,Female,Diploma,6.1,93.8,76.0,34.7,89.3,Yes,Yes,No,9.0,73.2,Merit,Yes,Excellent (>85%),Low (<8 hrs),Low Risk,7.32
STU1158,20,Male,Diploma,20.7,82.7,81.3,40.8,83.2,Yes,Yes,No,6.9,82.1,Distinction,Yes,Good (75-85%),High (>16 hrs),Low Risk,8.21
STU1159,18,Male,Bachelor,12.3,82.0,63.9,22.9,84.2,No,Yes,Yes,6.8,63.8,Pass,Yes,Good (75-85%),Medium (8-16 hrs),Moderate Risk,6.38
STU1160,20,Female,Master,8.0,40.0,80.3,36.6,45.0,No,Yes,No,8.3,55.9,Pass,Yes,Critical (<65%),Low (<8 hrs),High Risk,5.59
STU1161,19,Female,Bachelor,32.5,75.7,63.8,24.5,81.6,No,Yes,Yes,7.0,68.9,Merit,Yes,Good (75-85%),High (>16 hrs),Low Risk,6.89
STU1162,20,Male,Bachelor,4.8,78.2,55.2,27.5,75.8,No,Yes,Yes,7.4,57.0,Pass,Yes,Good (75-85%),Low (<8 hrs),Moderate Risk,5.7
STU1163,20,Female,High School,14.1,89.3,59.5,23.8,86.4,No,Yes,No,8.1,57.1,Pass,Yes,Excellent (>85%),Medium (8-16 hrs),Moderate Risk,5.71
STU1164,19,Female,Bachelor,11.6,90.4,68.7,22.3,85.2,Yes,Yes,No,7.0,70.0,Merit,Yes,Excellent (>85%),Medium (8-16 hrs),Low Risk,7.0
STU1165,18,Female,High School,10.6,93.2,80.2,38.8,77.7,No,No,No,7.9,71.1,Merit,Yes,Excellent (>85%),Medium (8-16 hrs),Low Risk,7.11
STU1166,21,Male,Bachelor,3.0,85.2,65.0,28.3,88.9,No,Yes,No,6.9,63.6,Pass,Yes,Excellent (>85%),Low (<8 hrs),Moderate Risk,6.36
STU1167,19,Female,Diploma,26.1,89.8,55.6,26.3,75.3,Yes,Yes,No,8.1,71.7,Merit,Yes,Excellent (>85%),High (>16 hrs),Low Risk,7.17
STU1168,18,Female,Bachelor,5.5,59.3,85.2,43.3,56.6,No,Yes,Yes,7.5,70.6,Merit,Yes,Critical (<65%),Low (<8 hrs),High Risk,7.06
STU1169,18,Male,Diploma,11.1,69.4,44.9,21.5,74.9,Yes,Yes,Yes,6.8,52.8,Pass,Yes,Moderate (65-75%),Medium (8-16 hrs),Moderate Risk,5.28
STU1170,19,Male,Bachelor,10.2,69.8,55.7,25.7,71.2,Yes,Yes,No,7.1,62.9,Pass,Yes,Moderate (65-75%),Medium (8-16 hrs),Moderate Risk,6.29
STU1171,20,Female,Diploma,17.2,57.9,77.5,34.7,67.3,No,Yes,Yes,4.3,64.9,Pass,Yes,Critical (<65%),High (>16 hrs),High Risk,6.49
STU1172,18,Male,Diploma,4.8,89.8,89.7,36.3,83.2,No,Yes,No,8.3,71.0,Merit,Yes,Excellent (>85%),Low (<8 hrs),Low Risk,7.1
STU1173,19,Female,Bachelor,16.2,82.5,71.7,31.5,75.3,No,Yes,No,5.6,72.3,Merit,Yes,Good (75-85%),High (>16 hrs),Low Risk,7.23
STU1174,18,Male,High School,14.1,51.3,68.5,37.7,64.3,Yes,Yes,No,5.8,65.3,Merit,Yes,Critical (<65%),Medium (8-16 hrs),High Risk,6.53
STU1175,20,Male,Master,8.9,78.2,60.9,26.1,65.5,No,Yes,No,6.5,62.5,Pass,Yes,Good (75-85%),Medium (8-16 hrs),Moderate Risk,6.25
STU1176,18,Female,Bachelor,15.9,61.1,72.7,32.2,69.9,No,Yes,Yes,5.0,61.4,Pass,Yes,Critical (<65%),Medium (8-16 hrs),Moderate Risk,6.14
STU1177,20,Male,Diploma,13.0,87.8,66.8,34.5,76.1,Yes,Yes,No,7.5,71.8,Merit,Yes,Excellent (>85%),Medium (8-16 hrs),Low Risk,7.18
STU1178,19,Male,Bachelor,29.1,54.7,54.4,19.1,65.3,No,Yes,Yes,7.4,58.1,Pass,Yes,Critical (<65%),High (>16 hrs),High Risk,5.81
STU1179,21,Male,Bachelor,11.6,85.7,60.7,29.5,72.8,No,No,Yes,6.5,58.9,Pass,Yes,Excellent (>85%),Medium (8-16 hrs),Moderate Risk,5.89
STU1180,18,Female,Bachelor,7.4,74.2,52.9,18.2,73.5,No,Yes,Yes,6.3,55.8,Pass,Yes,Moderate (65-75%),Low (<8 hrs),Moderate Risk,5.58
STU1181,19,Male,Master,16.3,69.4,65.2,30.7,76.3,Yes,Yes,No,6.2,73.1,Merit,Yes,Moderate (65-75%),High (>16 hrs),Low Risk,7.31
STU1182,18,Male,High School,10.8,77.1,67.3,30.2,73.4,Yes,Yes,No,7.7,65.0,Merit,Yes,Good (75-85%),Medium (8-16 hrs),Low Risk,6.5
STU1183,21,Female,High School,12.8,93.9,87.9,41.7,90.7,No,Yes,No,5.2,75.3,Merit,Yes,Excellent (>85%),Medium (8-16 hrs),Low Risk,7.53
STU1184,21,Male,Bachelor,6.1,58.7,56.6,21.9,67.2,No,Yes,No,6.6,50.4,Pass,Yes,Critical (<65%),Low (<8 hrs),High Risk,5.04
STU1185,19,Female,Diploma,17.3,66.3,62.5,26.3,71.1,No,Yes,No,5.3,56.8,Pass,Yes,Moderate (65-75%),High (>16 hrs),Moderate Risk,5.68
STU1186,20,Male,Diploma,9.9,86.8,82.6,39.5,89.3,Yes,Yes,No,7.8,83.1,Distinction,Yes,Excellent (>85%),Medium (8-16 hrs),Low Risk,8.31
STU1187,20,Female,Diploma,14.7,82.4,90.3,38.9,76.6,No,Yes,No,6.6,72.3,Merit,Yes,Good (75-85%),Medium (8-16 hrs),Low Risk,7.23
STU1188,19,Male,Diploma,32.7,48.3,71.6,34.9,47.3,No,No,No,7.6,58.3,Pass,Yes,Critical (<65%),High (>16 hrs),High Risk,5.83
STU1189,19,Female,Bachelor,11.2,78.6,61.5,28.4,66.0,Yes,No,No,8.4,60.7,Pass,Yes,Good (75-85%),Medium (8-16 hrs),Moderate Risk,6.07
STU1190,18,Male,Bachelor,18.5,80.4,58.4,24.7,71.2,No,No,Yes,8.4,58.5,Pass,Yes,Good (75-85%),High (>16 hrs),Moderate Risk,5.85
STU1191,18,Male,Master,11.7,75.2,39.2,16.5,65.5,No,Yes,No,5.9,47.1,At-Risk,No,Good (75-85%),Medium (8-16 hrs),High Risk,4.71
STU1192,21,Male,Bachelor,9.0,90.8,52.0,23.4,84.7,Yes,No,Yes,7.3,59.4,Pass,Yes,Excellent (>85%),Medium (8-16 hrs),Moderate Risk,5.94
STU1193,21,Male,High School,23.9,75.9,66.4,29.1,66.8,Yes,Yes,No,8.2,67.4,Merit,Yes,Good (75-85%),High (>16 hrs),Low Risk,6.74
STU1194,20,Male,High School,3.9,91.8,62.5,30.7,75.0,No,Yes,No,7.8,61.3,Pass,Yes,Excellent (>85%),Low (<8 hrs),Moderate Risk,6.13
STU1195,19,Male,Diploma,20.8,73.5,73.7,31.9,62.2,No,Yes,No,7.9,72.0,Merit,Yes,Moderate (65-75%),High (>16 hrs),Low Risk,7.2
STU1196,19,Female,Bachelor,3.6,63.0,62.3,26.0,70.7,No,Yes,No,5.0,50.0,Pass,Yes,Critical (<65%),Low (<8 hrs),Moderate Risk,5.0
STU1197,20,Male,High School,19.8,88.4,54.8,27.8,83.7,Yes,No,No,7.7,62.5,Pass,Yes,Excellent (>85%),High (>16 hrs),Moderate Risk,6.25
STU1198,21,Male,High School,12.9,83.4,69.8,29.9,75.5,Yes,Yes,No,6.1,69.7,Merit,Yes,Good (75-85%),Medium (8-16 hrs),Low Risk,6.97
STU1199,21,Female,Master,7.4,84.2,98.0,42.2,86.8,No,Yes,Yes,7.7,85.0,Distinction,Yes,Good (75-85%),Low (<8 hrs),Low Risk,8.5
STU1200,20,Female,Bachelor,10.3,88.7,60.6,18.6,73.5,No,Yes,No,7.7,58.7,Pass,Yes,Excellent (>85%),Medium (8-16 hrs),Moderate Risk,5.87
STU1201,20,Male,High School,18.0,76.4,66.9,26.5,83.1,Yes,No,No,7.6,61.6,Pass,Yes,Good (75-85%),High (>16 hrs),Moderate Risk,6.16
STU1202,18,Male,High School,31.2,91.8,76.9,31.7,86.6,No,Yes,No,6.9,79.5,Merit,Yes,Excellent (>85%),High (>16 hrs),Low Risk,7.95
STU1203,18,Male,Bachelor,4.9,68.4,57.0,23.8,61.5,Yes,No,No,8.4,55.1,Pass,Yes,Moderate (65-75%),Low (<8 hrs),Moderate Risk,5.51
STU1204,21,Female,Master,7.7,77.2,82.8,34.7,77.6,Yes,Yes,Yes,7.6,78.5,Merit,Yes,Good (75-85%),Low (<8 hrs),Low Risk,7.85
STU1205,20,Female,High School,5.8,80.4,42.9,22.7,81.5,Yes,Yes,No,7.4,55.3,Pass,Yes,Good (75-85%),Low (<8 hrs),Moderate Risk,5.53
STU1206,18,Male,Diploma,11.6,83.3,59.3,24.0,76.9,Yes,Yes,No,6.0,64.9,Pass,Yes,Good (75-85%),Medium (8-16 hrs),Moderate Risk,6.49
STU1207,18,Female,Bachelor,20.1,47.1,60.6,24.8,60.2,No,Yes,Yes,7.4,58.5,Pass,Yes,Critical (<65%),High (>16 hrs),High Risk,5.85
STU1208,20,Female,Bachelor,5.4,97.3,67.1,30.7,81.1,No,Yes,No,9.2,63.6,Pass,Yes,Excellent (>85%),Low (<8 hrs),Moderate Risk,6.36
STU1209,18,Female,Bachelor,12.8,80.4,37.4,13.0,71.9,No,Yes,No,5.5,52.5,Pass,Yes,Good (75-85%),Medium (8-16 hrs),Moderate Risk,5.25
STU1210,18,Female,Diploma,19.7,75.6,83.9,43.2,64.8,No,Yes,No,7.8,79.1,Merit,Yes,Good (75-85%),High (>16 hrs),Low Risk,7.91
STU1211,19,Male,Master,10.2,53.7,70.8,34.7,51.8,No,Yes,No,7.9,68.0,Merit,Yes,Critical (<65%),Medium (8-16 hrs),High Risk,6.8
STU1212,20,Male,Diploma,2.1,82.8,80.7,32.2,72.7,No,Yes,No,8.9,69.2,Merit,Yes,Good (75-85%),Low (<8 hrs),Low Risk,6.92
STU1213,20,Male,High School,14.2,43.9,87.6,43.0,59.1,No,Yes,No,7.8,63.1,Pass,Yes,Critical (<65%),Medium (8-16 hrs),High Risk,6.31
STU1214,18,Male,Bachelor,23.0,67.9,54.6,28.8,59.1,No,Yes,No,7.0,60.4,Pass,Yes,Moderate (65-75%),High (>16 hrs),Moderate Risk,6.04
STU1215,20,Female,Bachelor,6.9,69.6,30.1,12.0,67.3,No,Yes,No,7.5,36.5,At-Risk,No,Moderate (65-75%),Low (<8 hrs),High Risk,3.65
STU1216,18,Female,Bachelor,4.2,69.8,81.0,32.4,69.5,No,Yes,No,6.7,63.6,Pass,Yes,Moderate (65-75%),Low (<8 hrs),Moderate Risk,6.36
STU1217,19,Male,High School,15.1,88.2,61.0,25.3,89.7,Yes,Yes,No,8.3,66.2,Merit,Yes,Excellent (>85%),Medium (8-16 hrs),Low Risk,6.62
STU1218,20,Male,Bachelor,15.3,80.7,49.1,17.1,86.4,No,Yes,Yes,5.3,54.2,Pass,Yes,Good (75-85%),Medium (8-16 hrs),Moderate Risk,5.42
STU1219,20,Male,Diploma,9.8,69.8,73.1,30.2,73.9,No,Yes,Yes,6.5,62.2,Pass,Yes,Moderate (65-75%),Medium (8-16 hrs),Moderate Risk,6.22
STU1220,21,Female,Bachelor,8.8,58.5,98.0,42.7,70.4,No,Yes,Yes,7.5,79.2,Merit,Yes,Critical (<65%),Medium (8-16 hrs),High Risk,7.92
STU1221,20,Male,High School,13.1,61.4,63.5,30.3,68.7,Yes,No,No,8.3,56.4,Pass,Yes,Critical (<65%),Medium (8-16 hrs),Moderate Risk,5.64
STU1222,19,Male,Bachelor,6.8,88.1,78.3,35.5,90.9,No,Yes,No,7.0,71.8,Merit,Yes,Excellent (>85%),Low (<8 hrs),Low Risk,7.18
STU1223,18,Male,Bachelor,6.8,85.5,51.2,22.5,84.0,No,No,Yes,6.1,49.0,At-Risk,No,Excellent (>85%),Low (<8 hrs),High Risk,4.9
STU1224,19,Male,Diploma,17.9,71.6,41.4,16.9,61.7,Yes,Yes,Yes,6.8,57.7,Pass,Yes,Moderate (65-75%),High (>16 hrs),Moderate Risk,5.77
STU1225,19,Female,High School,6.6,97.8,77.8,30.4,86.5,No,Yes,Yes,6.6,74.6,Merit,Yes,Excellent (>85%),Low (<8 hrs),Low Risk,7.46
STU1226,18,Female,Bachelor,4.4,83.8,72.6,34.7,81.6,Yes,Yes,No,6.6,71.3,Merit,Yes,Good (75-85%),Low (<8 hrs),Low Risk,7.13
STU1227,22,Male,Bachelor,8.8,76.5,58.5,28.3,70.6,Yes,Yes,No,6.5,59.2,Pass,Yes,Good (75-85%),Medium (8-16 hrs),Moderate Risk,5.92
STU1228,19,Female,Diploma,10.0,69.7,88.9,37.8,64.3,No,Yes,No,6.5,70.5,Merit,Yes,Moderate (65-75%),Medium (8-16 hrs),Low Risk,7.05
STU1229,21,Female,High School,16.2,89.3,40.3,14.3,84.1,No,Yes,No,5.1,48.7,At-Risk,No,Excellent (>85%),High (>16 hrs),High Risk,4.87
STU1230,20,Female,High School,9.2,75.2,47.8,27.0,81.3,No,Yes,No,7.3,53.8,Pass,Yes,Good (75-85%),Medium (8-16 hrs),Moderate Risk,5.38
STU1231,20,Male,Master,24.9,86.7,57.4,26.7,71.4,No,Yes,Yes,7.7,74.8,Merit,Yes,Excellent (>85%),High (>16 hrs),Low Risk,7.48
STU1232,19,Male,Diploma,13.4,81.6,60.0,28.4,82.5,Yes,Yes,No,8.6,72.2,Merit,Yes,Good (75-85%),Medium (8-16 hrs),Low Risk,7.22
STU1233,19,Male,High School,8.1,88.6,85.5,40.0,86.5,Yes,Yes,No,7.9,74.0,Merit,Yes,Excellent (>85%),Medium (8-16 hrs),Low Risk,7.4
STU1234,19,Female,Bachelor,15.8,60.8,65.7,25.4,71.8,Yes,Yes,No,7.9,60.1,Pass,Yes,Critical (<65%),Medium (8-16 hrs),Moderate Risk,6.01
STU1235,18,Male,Bachelor,24.7,69.8,62.3,33.3,77.5,Yes,Yes,No,7.3,73.4,Merit,Yes,Moderate (65-75%),High (>16 hrs),Low Risk,7.34
STU1236,20,Male,High School,17.7,66.6,47.2,19.8,71.9,No,Yes,No,5.1,44.6,At-Risk,No,Moderate (65-75%),High (>16 hrs),High Risk,4.46
STU1237,19,Male,Master,5.2,50.7,80.2,39.0,55.9,No,Yes,No,7.3,65.7,Merit,Yes,Critical (<65%),Low (<8 hrs),High Risk,6.57
STU1238,18,Female,Bachelor,10.4,89.9,49.1,27.2,77.0,Yes,Yes,No,7.1,64.2,Pass,Yes,Excellent (>85%),Medium (8-16 hrs),Moderate Risk,6.42
STU1239,20,Male,Diploma,14.6,72.1,47.2,21.5,71.4,Yes,Yes,No,8.1,57.0,Pass,Yes,Moderate (65-75%),Medium (8-16 hrs),Moderate Risk,5.7
STU1240,18,Female,Diploma,17.3,76.9,59.4,22.6,79.1,No,Yes,No,7.6,63.2,Pass,Yes,Good (75-85%),High (>16 hrs),Moderate Risk,6.32
STU1241,22,Female,Master,11.6,78.0,67.3,21.6,82.5,Yes,Yes,Yes,6.9,71.3,Merit,Yes,Good (75-85%),Medium (8-16 hrs),Low Risk,7.13
STU1242,22,Male,High School,10.8,90.5,54.9,24.6,89.1,No,Yes,No,9.2,57.4,Pass,Yes,Excellent (>85%),Medium (8-16 hrs),Moderate Risk,5.74
STU1243,21,Female,Diploma,29.0,57.3,74.9,34.6,54.0,No,Yes,No,7.9,65.3,Merit,Yes,Critical (<65%),High (>16 hrs),High Risk,6.53
STU1244,19,Male,High School,17.8,66.6,61.0,25.4,68.6,Yes,Yes,Yes,7.4,62.8,Pass,Yes,Moderate (65-75%),High (>16 hrs),Moderate Risk,6.28
STU1245,18,Female,Bachelor,15.9,73.2,79.7,36.3,67.9,Yes,Yes,Yes,7.5,73.6,Merit,Yes,Moderate (65-75%),Medium (8-16 hrs),Low Risk,7.36
STU1246,21,Male,Bachelor,9.4,85.1,72.1,34.0,69.8,No,Yes,Yes,7.1,74.7,Merit,Yes,Excellent (>85%),Medium (8-16 hrs),Low Risk,7.47
STU1247,19,Female,Bachelor,6.8,87.8,90.1,44.0,75.5,Yes,No,No,7.0,80.2,Distinction,Yes,Excellent (>85%),Low (<8 hrs),Low Risk,8.02
STU1248,22,Female,High School,16.0,72.2,58.8,25.7,62.8,Yes,Yes,No,4.6,58.6,Pass,Yes,Moderate (65-75%),Medium (8-16 hrs),Moderate Risk,5.86
STU1249,22,Female,Bachelor,18.8,98.6,76.8,34.4,95.9,Yes,Yes,Yes,6.0,83.8,Distinction,Yes,Excellent (>85%),High (>16 hrs),Low Risk,8.38
STU1250,21,Female,Bachelor,12.8,69.2,40.0,17.4,63.6,No,Yes,Yes,6.4,48.5,At-Risk,No,Moderate (65-75%),Medium (8-16 hrs),High Risk,4.85
STU1251,19,Male,Diploma,17.9,63.6,98.0,44.2,60.2,No,Yes,No,7.5,82.0,Distinction,Yes,Critical (<65%),High (>16 hrs),Low Risk,8.2
STU1252,19,Female,Bachelor,18.1,95.6,76.1,32.4,96.1,Yes,Yes,Yes,5.2,73.6,Merit,Yes,Excellent (>85%),High (>16 hrs),Low Risk,7.36
STU1253,21,Female,Diploma,19.4,88.5,60.9,25.6,79.5,No,Yes,Yes,6.4,68.1,Merit,Yes,Excellent (>85%),High (>16 hrs),Low Risk,6.81
STU1254,19,Female,Bachelor,5.1,91.3,61.4,26.0,74.1,No,Yes,No,6.3,66.5,Merit,Yes,Excellent (>85%),Low (<8 hrs),Low Risk,6.65
STU1255,18,Male,High School,10.6,65.4,61.5,28.2,61.5,No,Yes,No,7.1,54.7,Pass,Yes,Moderate (65-75%),Medium (8-16 hrs),Moderate Risk,5.47
STU1256,19,Female,Bachelor,16.5,94.5,90.8,37.9,78.5,Yes,Yes,Yes,7.5,85.6,Distinction,Yes,Excellent (>85%),High (>16 hrs),Low Risk,8.56
STU1257,21,Female,Master,13.2,73.1,77.6,33.3,63.2,No,Yes,No,6.3,70.6,Merit,Yes,Moderate (65-75%),Medium (8-16 hrs),Low Risk,7.06
STU1258,20,Female,Master,18.1,75.2,58.8,32.8,64.2,No,Yes,Yes,6.4,62.8,Pass,Yes,Good (75-85%),High (>16 hrs),Moderate Risk,6.28
STU1259,19,Male,Diploma,15.9,78.7,47.7,24.6,77.0,Yes,Yes,No,6.3,57.0,Pass,Yes,Good (75-85%),Medium (8-16 hrs),Moderate Risk,5.7
STU1260,18,Female,Diploma,3.1,57.8,81.7,33.4,54.2,Yes,Yes,Yes,6.6,62.0,Pass,Yes,Critical (<65%),Low (<8 hrs),High Risk,6.2
STU1261,20,Male,High School,21.7,96.4,76.7,37.5,84.7,Yes,Yes,Yes,6.9,81.5,Distinction,Yes,Excellent (>85%),High (>16 hrs),Low Risk,8.15
STU1262,23,Female,Bachelor,9.9,85.7,74.9,35.9,87.2,Yes,Yes,No,8.4,77.0,Merit,Yes,Excellent (>85%),Medium (8-16 hrs),Low Risk,7.7
STU1263,18,Male,Bachelor,7.9,56.6,63.8,28.3,58.1,Yes,Yes,No,5.9,58.7,Pass,Yes,Critical (<65%),Low (<8 hrs),High Risk,5.87
STU1264,19,Female,Diploma,21.3,63.2,60.8,24.9,72.6,No,Yes,Yes,8.9,65.7,Merit,Yes,Critical (<65%),High (>16 hrs),Low Risk,6.57
STU1265,21,Female,High School,17.4,50.4,88.6,37.0,55.2,No,No,Yes,5.6,66.7,Merit,Yes,Critical (<65%),High (>16 hrs),High Risk,6.67
STU1266,20,Male,Master,22.8,71.7,89.9,41.2,68.2,Yes,Yes,No,8.1,85.2,Distinction,Yes,Moderate (65-75%),High (>16 hrs),Low Risk,8.52
STU1267,20,Female,Bachelor,14.7,88.1,74.0,30.3,86.7,No,No,No,6.5,65.4,Merit,Yes,Excellent (>85%),Medium (8-16 hrs),Low Risk,6.54
STU1268,20,Male,Diploma,10.5,66.5,78.6,39.2,58.0,No,Yes,Yes,6.0,68.2,Merit,Yes,Moderate (65-75%),Medium (8-16 hrs),Low Risk,6.82
STU1269,19,Female,Diploma,13.8,81.4,68.3,35.6,68.8,No,Yes,No,8.4,71.6,Merit,Yes,Good (75-85%),Medium (8-16 hrs),Low Risk,7.16
STU1270,19,Female,High School,7.1,57.3,45.8,20.5,63.1,No,Yes,Yes,7.1,48.7,At-Risk,No,Critical (<65%),Low (<8 hrs),High Risk,4.87
STU1271,20,Female,Bachelor,5.7,83.2,51.3,27.1,78.0,Yes,Yes,No,7.0,64.6,Pass,Yes,Good (75-85%),Low (<8 hrs),Moderate Risk,6.46
STU1272,20,Female,Master,9.1,47.8,81.0,35.0,59.3,No,Yes,Yes,6.7,63.5,Pass,Yes,Critical (<65%),Medium (8-16 hrs),High Risk,6.35
STU1273,21,Female,Bachelor,26.1,88.0,82.8,34.8,89.9,No,No,Yes,6.4,74.1,Merit,Yes,Excellent (>85%),High (>16 hrs),Low Risk,7.41
STU1274,21,Male,Diploma,9.6,96.5,79.8,39.8,85.3,No,Yes,Yes,6.8,72.2,Merit,Yes,Excellent (>85%),Medium (8-16 hrs),Low Risk,7.22
STU1275,19,Male,Bachelor,4.5,86.3,69.8,36.9,82.3,No,Yes,No,4.0,66.2,Merit,Yes,Excellent (>85%),Low (<8 hrs),Low Risk,6.62
STU1276,19,Female,Diploma,11.8,78.0,80.3,43.0,74.6,Yes,Yes,Yes,5.0,69.0,Merit,Yes,Good (75-85%),Medium (8-16 hrs),Low Risk,6.9
STU1277,20,Female,High School,9.5,55.2,64.2,30.1,68.3,Yes,No,Yes,7.4,55.9,Pass,Yes,Critical (<65%),Medium (8-16 hrs),High Risk,5.59
STU1278,20,Female,Master,21.9,93.8,73.7,36.2,92.3,No,Yes,Yes,8.3,78.0,Merit,Yes,Excellent (>85%),High (>16 hrs),Low Risk,7.8
STU1279,20,Female,Diploma,25.2,96.4,62.1,29.0,95.7,No,Yes,Yes,8.5,72.9,Merit,Yes,Excellent (>85%),High (>16 hrs),Low Risk,7.29
STU1280,20,Male,Diploma,10.3,72.3,50.2,27.5,65.7,No,Yes,No,5.9,59.2,Pass,Yes,Moderate (65-75%),Medium (8-16 hrs),Moderate Risk,5.92
STU1281,21,Female,Master,14.7,61.5,77.1,36.2,68.5,Yes,Yes,Yes,7.2,76.9,Merit,Yes,Critical (<65%),Medium (8-16 hrs),Low Risk,7.69
STU1282,19,Male,High School,15.3,80.2,82.9,40.1,71.4,No,Yes,No,4.6,72.3,Merit,Yes,Good (75-85%),Medium (8-16 hrs),Low Risk,7.23
STU1283,19,Female,Bachelor,12.5,87.0,98.0,40.1,75.1,No,Yes,Yes,6.6,78.8,Merit,Yes,Excellent (>85%),Medium (8-16 hrs),Low Risk,7.88
STU1284,18,Male,Master,11.4,84.3,68.7,30.1,87.9,No,No,Yes,7.9,64.2,Pass,Yes,Good (75-85%),Medium (8-16 hrs),Moderate Risk,6.42
STU1285,19,Male,Diploma,7.6,92.6,50.3,25.5,75.2,Yes,Yes,No,7.0,59.4,Pass,Yes,Excellent (>85%),Low (<8 hrs),Moderate Risk,5.94
STU1286,18,Male,High School,4.0,58.8,60.4,29.7,70.5,Yes,Yes,No,6.6,56.2,Pass,Yes,Critical (<65%),Low (<8 hrs),High Risk,5.62
STU1287,19,Male,Diploma,7.6,74.4,63.1,31.5,65.1,No,Yes,Yes,7.0,62.2,Pass,Yes,Moderate (65-75%),Low (<8 hrs),Moderate Risk,6.22
STU1288,19,Female,High School,12.3,95.9,67.1,30.6,93.5,No,Yes,Yes,8.4,66.2,Merit,Yes,Excellent (>85%),Medium (8-16 hrs),Low Risk,6.62
STU1289,19,Male,Diploma,5.4,66.6,71.6,29.9,62.1,No,Yes,No,6.7,58.4,Pass,Yes,Moderate (65-75%),Low (<8 hrs),Moderate Risk,5.84
STU1290,19,Male,Bachelor,14.3,70.5,70.1,31.3,66.4,No,Yes,No,7.1,62.1,Pass,Yes,Moderate (65-75%),Medium (8-16 hrs),Moderate Risk,6.21
STU1291,18,Male,Diploma,13.3,58.1,75.9,34.3,55.0,No,Yes,No,8.7,65.7,Merit,Yes,Critical (<65%),Medium (8-16 hrs),High Risk,6.57
STU1292,18,Male,Diploma,9.5,88.4,67.8,31.4,83.6,Yes,Yes,No,6.7,69.4,Merit,Yes,Excellent (>85%),Medium (8-16 hrs),Low Risk,6.94
STU1293,21,Male,Bachelor,11.1,76.6,33.8,12.0,70.6,Yes,Yes,No,5.2,37.9,At-Risk,No,Good (75-85%),Medium (8-16 hrs),High Risk,3.79
STU1294,19,Male,Bachelor,5.9,42.5,68.2,29.8,52.9,Yes,Yes,No,8.5,62.8,Pass,Yes,Critical (<65%),Low (<8 hrs),High Risk,6.28
STU1295,18,Female,Bachelor,19.2,93.9,66.2,29.5,76.0,Yes,Yes,No,8.1,77.0,Merit,Yes,Excellent (>85%),High (>16 hrs),Low Risk,7.7
STU1296,19,Female,Diploma,19.1,73.5,72.7,24.9,62.7,No,Yes,No,4.6,53.2,Pass,Yes,Moderate (65-75%),High (>16 hrs),Moderate Risk,5.32
STU1297,20,Female,Bachelor,6.6,80.1,59.9,29.9,68.1,No,Yes,No,6.9,63.3,Pass,Yes,Good (75-85%),Low (<8 hrs),Moderate Risk,6.33
STU1298,18,Male,Bachelor,6.7,80.0,68.1,31.2,74.4,Yes,Yes,No,7.0,72.7,Merit,Yes,Good (75-85%),Low (<8 hrs),Low Risk,7.27
STU1299,20,Male,Diploma,7.6,70.6,72.8,33.7,75.7,No,Yes,No,8.5,64.2,Pass,Yes,Moderate (65-75%),Low (<8 hrs),Moderate Risk,6.42
STU1300,18,Female,Diploma,16.9,93.8,62.8,26.5,93.4,No,Yes,No,7.0,68.0,Merit,Yes,Excellent (>85%),High (>16 hrs),Low Risk,6.8
STU1301,18,Male,Diploma,15.3,92.2,74.5,35.6,79.4,No,Yes,No,7.2,72.6,Merit,Yes,Excellent (>85%),Medium (8-16 hrs),Low Risk,7.26
STU1302,19,Male,Bachelor,21.2,76.1,66.0,26.8,74.8,Yes,Yes,No,7.2,71.1,Merit,Yes,Good (75-85%),High (>16 hrs),Low Risk,7.11
STU1303,19,Male,High School,22.4,79.2,67.2,27.9,80.8,No,Yes,No,6.5,70.1,Merit,Yes,Good (75-85%),High (>16 hrs),Low Risk,7.01
STU1304,20,Male,Master,5.1,78.4,30.0,15.7,70.7,Yes,Yes,Yes,8.4,45.6,At-Risk,No,Good (75-85%),Low (<8 hrs),High Risk,4.56
STU1305,20,Male,Bachelor,16.6,79.7,49.0,23.3,74.0,No,Yes,Yes,6.1,56.4,Pass,Yes,Good (75-85%),High (>16 hrs),Moderate Risk,5.64
STU1306,22,Male,Master,21.9,76.9,49.0,17.6,74.3,No,Yes,No,6.5,58.2,Pass,Yes,Good (75-85%),High (>16 hrs),Moderate Risk,5.82
STU1307,19,Female,High School,10.7,74.1,68.0,36.1,64.6,Yes,Yes,No,7.0,69.5,Merit,Yes,Moderate (65-75%),Medium (8-16 hrs),Low Risk,6.95
STU1308,19,Female,Diploma,12.7,84.1,82.8,34.6,69.4,No,Yes,Yes,5.5,73.2,Merit,Yes,Good (75-85%),Medium (8-16 hrs),Low Risk,7.32
STU1309,20,Female,High School,11.7,89.0,63.3,28.0,75.4,No,Yes,No,8.9,63.1,Pass,Yes,Excellent (>85%),Medium (8-16 hrs),Moderate Risk,6.31
STU1310,19,Female,High School,12.0,81.8,76.9,40.7,79.8,No,Yes,Yes,7.0,70.5,Merit,Yes,Good (75-85%),Medium (8-16 hrs),Low Risk,7.05
STU1311,19,Female,Bachelor,19.2,94.8,74.1,26.1,77.8,No,Yes,Yes,7.9,74.2,Merit,Yes,Excellent (>85%),High (>16 hrs),Low Risk,7.42
STU1312,18,Female,High School,28.5,73.8,67.0,24.2,65.5,Yes,Yes,No,5.9,64.7,Pass,Yes,Moderate (65-75%),High (>16 hrs),Moderate Risk,6.47
STU1313,18,Female,Diploma,24.5,91.3,73.0,34.4,80.7,Yes,No,No,7.8,73.1,Merit,Yes,Excellent (>85%),High (>16 hrs),Low Risk,7.31
STU1314,22,Male,High School,9.7,79.2,68.4,22.1,67.0,No,Yes,Yes,7.9,58.8,Pass,Yes,Good (75-85%),Medium (8-16 hrs),Moderate Risk,5.88
STU1315,21,Male,Diploma,14.7,78.6,63.0,21.2,68.9,Yes,Yes,No,8.0,64.0,Pass,Yes,Good (75-85%),Medium (8-16 hrs),Moderate Risk,6.4
STU1316,20,Male,Bachelor,8.3,89.2,70.5,35.8,90.7,No,No,Yes,9.1,61.5,Pass,Yes,Excellent (>85%),Medium (8-16 hrs),Moderate Risk,6.15
STU1317,19,Female,Bachelor,8.7,89.2,85.3,37.0,72.8,Yes,Yes,No,6.4,80.6,Distinction,Yes,Excellent (>85%),Medium (8-16 hrs),Low Risk,8.06
STU1318,18,Female,Bachelor,12.4,94.2,71.6,39.9,89.0,Yes,Yes,Yes,6.8,83.3,Distinction,Yes,Excellent (>85%),Medium (8-16 hrs),Low Risk,8.33
STU1319,18,Male,Diploma,8.6,86.3,68.1,27.0,78.1,No,Yes,Yes,6.1,61.8,Pass,Yes,Excellent (>85%),Medium (8-16 hrs),Moderate Risk,6.18
STU1320,19,Female,Master,9.3,88.7,52.7,22.6,85.5,Yes,Yes,No,6.9,65.0,Merit,Yes,Excellent (>85%),Medium (8-16 hrs),Low Risk,6.5
STU1321,19,Male,Bachelor,14.5,88.1,84.8,40.1,83.4,No,Yes,No,7.7,79.7,Merit,Yes,Excellent (>85%),Medium (8-16 hrs),Low Risk,7.97
STU1322,20,Female,Diploma,16.5,96.5,45.3,22.0,82.0,No,Yes,Yes,7.7,58.7,Pass,Yes,Excellent (>85%),High (>16 hrs),Moderate Risk,5.87
STU1323,20,Male,Diploma,16.3,87.6,41.1,17.6,88.3,No,No,No,8.8,44.7,At-Risk,No,Excellent (>85%),High (>16 hrs),High Risk,4.47
STU1324,19,Male,Master,16.3,83.4,70.2,29.3,78.2,No,Yes,Yes,7.5,70.6,Merit,Yes,Good (75-85%),High (>16 hrs),Low Risk,7.06
STU1325,22,Male,Bachelor,6.2,70.8,52.7,24.5,76.0,Yes,Yes,No,7.0,59.8,Pass,Yes,Moderate (65-75%),Low (<8 hrs),Moderate Risk,5.98
STU1326,20,Male,Bachelor,8.4,75.1,80.2,40.9,70.7,No,Yes,Yes,5.8,75.6,Merit,Yes,Good (75-85%),Medium (8-16 hrs),Low Risk,7.56
STU1327,19,Male,Diploma,13.1,66.1,41.4,21.3,76.0,No,Yes,No,8.0,49.5,At-Risk,No,Moderate (65-75%),Medium (8-16 hrs),High Risk,4.95
STU1328,20,Male,High School,21.5,79.5,78.5,33.1,81.1,No,Yes,No,6.8,70.6,Merit,Yes,Good (75-85%),High (>16 hrs),Low Risk,7.06
STU1329,19,Female,Bachelor,35.0,51.2,76.5,31.0,65.2,No,Yes,Yes,8.0,67.5,Merit,Yes,Critical (<65%),High (>16 hrs),High Risk,6.75
STU1330,18,Female,Bachelor,15.0,91.4,66.7,27.6,84.3,No,Yes,No,6.5,59.3,Pass,Yes,Excellent (>85%),Medium (8-16 hrs),Moderate Risk,5.93
STU1331,19,Male,Diploma,18.3,72.1,35.6,12.0,69.9,No,Yes,No,8.3,45.4,At-Risk,No,Moderate (65-75%),High (>16 hrs),High Risk,4.54
STU1332,20,Female,Bachelor,5.8,76.0,40.9,18.9,78.3,No,Yes,No,7.4,58.1,Pass,Yes,Good (75-85%),Low (<8 hrs),Moderate Risk,5.81
STU1333,18,Female,High School,18.1,49.5,68.4,33.6,62.3,Yes,Yes,Yes,8.1,68.7,Merit,Yes,Critical (<65%),High (>16 hrs),High Risk,6.87
STU1334,18,Male,Bachelor,31.4,88.9,61.7,27.5,91.5,Yes,Yes,No,7.4,73.2,Merit,Yes,Excellent (>85%),High (>16 hrs),Low Risk,7.32
STU1335,18,Male,Master,8.4,85.2,75.2,39.9,76.1,No,Yes,No,6.0,72.3,Merit,Yes,Excellent (>85%),Medium (8-16 hrs),Low Risk,7.23
STU1336,18,Male,Master,9.5,79.8,64.0,35.0,81.8,Yes,Yes,No,6.6,69.9,Merit,Yes,Good (75-85%),Medium (8-16 hrs),Low Risk,6.99
STU1337,21,Male,Diploma,19.5,80.8,62.8,29.3,70.8,Yes,Yes,No,5.6,73.2,Merit,Yes,Good (75-85%),High (>16 hrs),Low Risk,7.32
STU1338,20,Female,Diploma,13.0,89.0,31.0,16.4,83.2,Yes,Yes,Yes,7.2,60.4,Pass,Yes,Excellent (>85%),Medium (8-16 hrs),Moderate Risk,6.04
STU1339,19,Male,Bachelor,3.8,40.0,76.5,31.3,45.0,No,Yes,No,5.4,51.4,Pass,Yes,Critical (<65%),Low (<8 hrs),High Risk,5.14
STU1340,18,Female,Bachelor,9.8,76.5,55.9,23.9,70.5,Yes,Yes,No,7.3,61.7,Pass,Yes,Good (75-85%),Medium (8-16 hrs),Moderate Risk,6.17
STU1341,19,Female,Bachelor,25.1,90.4,59.4,31.2,91.9,No,Yes,Yes,4.0,69.1,Merit,Yes,Excellent (>85%),High (>16 hrs),Low Risk,6.91
STU1342,19,Male,Master,11.1,57.5,50.0,20.5,53.2,Yes,Yes,No,7.9,53.8,Pass,Yes,Critical (<65%),Medium (8-16 hrs),High Risk,5.38
STU1343,18,Female,Bachelor,11.0,59.5,43.4,24.7,64.3,No,Yes,No,5.8,51.7,Pass,Yes,Critical (<65%),Medium (8-16 hrs),High Risk,5.17
STU1344,19,Male,Diploma,18.9,87.4,85.6,42.4,83.0,No,Yes,No,6.0,80.9,Distinction,Yes,Excellent (>85%),High (>16 hrs),Low Risk,8.09
STU1345,19,Female,High School,15.2,65.8,76.1,36.9,58.5,No,Yes,Yes,8.5,68.6,Merit,Yes,Moderate (65-75%),Medium (8-16 hrs),Low Risk,6.86
STU1346,20,Male,High School,10.7,83.9,76.4,30.3,75.2,Yes,Yes,No,7.4,64.7,Pass,Yes,Good (75-85%),Medium (8-16 hrs),Moderate Risk,6.47
STU1347,20,Female,High School,9.2,62.5,62.0,26.8,65.0,No,Yes,Yes,7.9,54.3,Pass,Yes,Critical (<65%),Medium (8-16 hrs),Moderate Risk,5.43
STU1348,18,Female,Master,35.0,82.6,40.7,20.6,71.6,No,Yes,No,5.9,59.1,Pass,Yes,Good (75-85%),High (>16 hrs),Moderate Risk,5.91
STU1349,19,Male,Diploma,23.1,70.7,94.4,39.0,75.5,No,Yes,No,8.1,81.0,Distinction,Yes,Moderate (65-75%),High (>16 hrs),Low Risk,8.1
STU1350,20,Female,Diploma,16.3,82.6,70.9,31.2,87.3,No,Yes,No,6.8,66.9,Merit,Yes,Good (75-85%),High (>16 hrs),Low Risk,6.69
STU1351,19,Female,Bachelor,16.9,63.3,66.9,32.7,58.6,No,Yes,Yes,7.1,59.3,Pass,Yes,Critical (<65%),High (>16 hrs),Moderate Risk,5.93
STU1352,21,Female,Bachelor,12.0,87.6,60.0,25.0,75.1,No,Yes,No,8.6,57.2,Pass,Yes,Excellent (>85%),Medium (8-16 hrs),Moderate Risk,5.72
STU1353,20,Female,Bachelor,15.2,61.0,36.4,13.4,61.8,No,Yes,No,5.7,46.0,At-Risk,No,Critical (<65%),Medium (8-16 hrs),High Risk,4.6
STU1354,18,Female,Diploma,11.4,79.1,81.0,30.1,80.3,No,No,Yes,8.0,61.3,Pass,Yes,Good (75-85%),Medium (8-16 hrs),Moderate Risk,6.13
STU1355,18,Male,Bachelor,7.9,71.3,50.2,21.2,65.5,No,Yes,No,7.4,51.9,Pass,Yes,Moderate (65-75%),Low (<8 hrs),Moderate Risk,5.19
STU1356,20,Male,High School,15.5,93.0,72.7,35.4,75.5,No,No,No,6.8,72.6,Merit,Yes,Excellent (>85%),Medium (8-16 hrs),Low Risk,7.26
STU1357,18,Female,High School,10.8,83.5,75.8,31.1,79.3,No,Yes,No,5.8,68.8,Merit,Yes,Good (75-85%),Medium (8-16 hrs),Low Risk,6.88
STU1358,19,Male,High School,15.9,73.4,69.7,31.4,80.5,Yes,Yes,Yes,6.8,68.0,Merit,Yes,Moderate (65-75%),Medium (8-16 hrs),Low Risk,6.8
STU1359,22,Female,High School,17.3,96.7,71.6,31.4,85.5,No,Yes,Yes,6.1,68.6,Merit,Yes,Excellent (>85%),High (>16 hrs),Low Risk,6.86
STU1360,19,Female,Diploma,16.3,66.3,83.8,35.4,64.8,No,Yes,No,8.3,71.3,Merit,Yes,Moderate (65-75%),High (>16 hrs),Low Risk,7.13
STU1361,19,Male,Bachelor,7.6,81.5,53.9,27.2,86.4,No,Yes,Yes,7.1,59.7,Pass,Yes,Good (75-85%),Low (<8 hrs),Moderate Risk,5.97
STU1362,20,Male,High School,10.2,66.9,67.3,36.0,70.7,Yes,Yes,Yes,6.3,68.9,Merit,Yes,Moderate (65-75%),Medium (8-16 hrs),Low Risk,6.89
STU1363,19,Female,Bachelor,11.0,65.3,61.8,31.3,70.1,No,Yes,No,5.4,49.4,At-Risk,No,Moderate (65-75%),Medium (8-16 hrs),High Risk,4.94
STU1364,19,Male,High School,20.5,54.4,39.2,15.2,59.3,No,Yes,Yes,6.5,48.6,At-Risk,No,Critical (<65%),High (>16 hrs),High Risk,4.86
STU1365,22,Female,High School,20.0,97.8,69.0,38.0,98.0,Yes,Yes,No,8.4,75.3,Merit,Yes,Excellent (>85%),High (>16 hrs),Low Risk,7.53
STU1366,19,Male,Diploma,8.6,79.2,82.5,40.6,79.2,No,Yes,No,7.1,71.9,Merit,Yes,Good (75-85%),Medium (8-16 hrs),Low Risk,7.19
STU1367,22,Female,Master,6.1,66.0,84.3,36.3,74.1,No,No,No,6.8,69.4,Merit,Yes,Moderate (65-75%),Low (<8 hrs),Low Risk,6.94
STU1368,21,Male,Bachelor,35.0,81.4,91.0,38.2,81.0,No,Yes,No,8.9,78.7,Merit,Yes,Good (75-85%),High (>16 hrs),Low Risk,7.87
STU1369,18,Female,Master,16.0,78.3,40.2,22.0,79.5,No,Yes,Yes,6.5,56.1,Pass,Yes,Good (75-85%),Medium (8-16 hrs),Moderate Risk,5.61
STU1370,18,Male,Bachelor,5.6,94.1,87.8,40.1,81.7,Yes,Yes,Yes,6.1,80.4,Distinction,Yes,Excellent (>85%),Low (<8 hrs),Low Risk,8.04
STU1371,18,Female,Bachelor,9.4,54.0,67.6,27.4,53.9,No,Yes,No,7.4,56.5,Pass,Yes,Critical (<65%),Medium (8-16 hrs),High Risk,5.65
STU1372,18,Male,Bachelor,21.0,72.7,87.4,38.8,76.5,No,Yes,Yes,7.5,78.7,Merit,Yes,Moderate (65-75%),High (>16 hrs),Low Risk,7.87
STU1373,18,Female,Bachelor,32.5,73.6,59.5,25.3,67.5,Yes,Yes,No,6.4,69.9,Merit,Yes,Moderate (65-75%),High (>16 hrs),Low Risk,6.99
STU1374,20,Female,High School,29.9,88.9,57.6,23.0,83.5,No,Yes,No,6.1,62.5,Pass,Yes,Excellent (>85%),High (>16 hrs),Moderate Risk,6.25
STU1375,18,Male,Bachelor,15.6,48.2,48.0,25.2,48.7,No,Yes,Yes,8.6,50.8,Pass,Yes,Critical (<65%),Medium (8-16 hrs),High Risk,5.08
STU1376,19,Male,Diploma,12.9,84.3,75.9,36.9,85.3,No,Yes,No,6.5,72.6,Merit,Yes,Good (75-85%),Medium (8-16 hrs),Low Risk,7.26
STU1377,21,Male,Diploma,7.2,95.8,72.2,35.4,79.3,Yes,Yes,Yes,5.4,69.5,Merit,Yes,Excellent (>85%),Low (<8 hrs),Low Risk,6.95
STU1378,18,Female,Bachelor,13.4,57.9,49.4,25.1,67.1,No,Yes,Yes,7.2,59.8,Pass,Yes,Critical (<65%),Medium (8-16 hrs),High Risk,5.98
STU1379,20,Female,High School,7.7,94.3,34.7,12.4,88.1,No,Yes,No,8.0,52.3,Pass,Yes,Excellent (>85%),Low (<8 hrs),Moderate Risk,5.23
STU1380,19,Female,Diploma,10.3,97.6,70.8,29.7,82.1,Yes,Yes,No,6.8,77.9,Merit,Yes,Excellent (>85%),Medium (8-16 hrs),Low Risk,7.79
STU1381,18,Male,High School,19.5,75.3,72.4,37.7,73.6,Yes,Yes,No,7.6,75.7,Merit,Yes,Good (75-85%),High (>16 hrs),Low Risk,7.57
STU1382,20,Male,Master,11.3,94.9,51.2,23.4,82.1,Yes,Yes,Yes,5.8,70.9,Merit,Yes,Excellent (>85%),Medium (8-16 hrs),Low Risk,7.09
STU1383,20,Female,High School,10.9,90.4,48.4,16.6,79.7,No,Yes,Yes,7.7,51.4,Pass,Yes,Excellent (>85%),Medium (8-16 hrs),Moderate Risk,5.14
STU1384,21,Male,High School,12.5,85.6,74.2,34.1,77.0,Yes,Yes,Yes,5.9,72.1,Merit,Yes,Excellent (>85%),Medium (8-16 hrs),Low Risk,7.21
STU1385,20,Female,Master,35.0,89.1,91.0,43.2,73.6,Yes,No,Yes,7.3,87.2,Distinction,Yes,Excellent (>85%),High (>16 hrs),Low Risk,8.72
STU1386,20,Male,Diploma,6.7,56.2,58.1,28.0,69.1,No,Yes,Yes,7.8,52.5,Pass,Yes,Critical (<65%),Low (<8 hrs),High Risk,5.25
STU1387,19,Female,High School,14.8,66.5,52.7,20.4,57.2,No,Yes,No,7.1,52.0,Pass,Yes,Moderate (65-75%),Medium (8-16 hrs),Moderate Risk,5.2
STU1388,18,Male,Diploma,28.6,88.5,69.2,37.7,85.2,No,Yes,No,5.6,78.1,Merit,Yes,Excellent (>85%),High (>16 hrs),Low Risk,7.81
STU1389,20,Male,High School,12.5,62.8,73.9,28.0,61.4,No,Yes,Yes,5.7,61.9,Pass,Yes,Critical (<65%),Medium (8-16 hrs),Moderate Risk,6.19
STU1390,20,Female,High School,22.9,68.1,59.9,27.3,70.6,Yes,Yes,Yes,8.8,70.5,Merit,Yes,Moderate (65-75%),High (>16 hrs),Low Risk,7.05
STU1391,23,Female,High School,5.9,70.8,93.4,48.1,66.7,No,Yes,No,6.2,71.7,Merit,Yes,Moderate (65-75%),Low (<8 hrs),Low Risk,7.17
STU1392,19,Female,Diploma,11.5,89.2,77.6,37.0,85.9,Yes,Yes,No,7.8,73.6,Merit,Yes,Excellent (>85%),Medium (8-16 hrs),Low Risk,7.36
STU1393,19,Male,Bachelor,8.2,92.1,59.7,29.8,89.1,No,Yes,No,7.1,58.3,Pass,Yes,Excellent (>85%),Medium (8-16 hrs),Moderate Risk,5.83
STU1394,20,Male,Bachelor,12.4,85.4,42.7,15.5,83.6,No,Yes,Yes,5.9,50.6,Pass,Yes,Excellent (>85%),Medium (8-16 hrs),Moderate Risk,5.06
STU1395,19,Female,Bachelor,12.5,42.3,83.5,38.8,45.0,Yes,Yes,Yes,6.4,67.2,Merit,Yes,Critical (<65%),Medium (8-16 hrs),High Risk,6.72
STU1396,21,Female,High School,13.2,81.1,81.7,36.6,79.9,No,Yes,No,8.9,70.5,Merit,Yes,Good (75-85%),Medium (8-16 hrs),Low Risk,7.05
STU1397,21,Male,Diploma,19.4,78.7,60.8,23.4,70.7,No,No,No,10.0,49.0,At-Risk,No,Good (75-85%),High (>16 hrs),High Risk,4.9
STU1398,19,Male,Bachelor,2.9,97.7,69.9,34.5,79.0,Yes,Yes,No,6.7,73.2,Merit,Yes,Excellent (>85%),Low (<8 hrs),Low Risk,7.32
STU1399,20,Male,High School,9.2,83.8,62.9,25.4,77.0,No,Yes,No,6.6,59.3,Pass,Yes,Good (75-85%),Medium (8-16 hrs),Moderate Risk,5.93
STU1400,20,Female,Bachelor,14.3,85.0,72.3,30.1,78.2,No,Yes,Yes,5.2,62.0,Pass,Yes,Good (75-85%),Medium (8-16 hrs),Moderate Risk,6.2
STU1401,18,Male,Diploma,3.9,78.9,50.7,24.3,74.6,No,Yes,No,5.2,49.9,At-Risk,No,Good (75-85%),Low (<8 hrs),High Risk,4.99
STU1402,21,Male,Bachelor,17.5,91.4,48.7,21.4,88.1,No,Yes,No,6.1,59.5,Pass,Yes,Excellent (>85%),High (>16 hrs),Moderate Risk,5.95
STU1403,19,Male,Diploma,9.1,84.8,76.4,35.0,75.5,No,Yes,Yes,6.5,73.2,Merit,Yes,Good (75-85%),Medium (8-16 hrs),Low Risk,7.32
STU1404,21,Male,Diploma,11.6,78.6,78.1,34.4,71.3,Yes,Yes,No,7.0,72.2,Merit,Yes,Good (75-85%),Medium (8-16 hrs),Low Risk,7.22
STU1405,19,Male,Bachelor,19.8,86.8,58.1,31.1,72.0,Yes,Yes,No,7.8,69.9,Merit,Yes,Excellent (>85%),High (>16 hrs),Low Risk,6.99
STU1406,21,Male,Bachelor,23.4,80.9,54.5,21.3,80.4,No,Yes,Yes,7.2,62.9,Pass,Yes,Good (75-85%),High (>16 hrs),Moderate Risk,6.29
STU1407,19,Male,High School,17.7,96.6,81.1,34.9,89.0,Yes,Yes,Yes,7.8,74.5,Merit,Yes,Excellent (>85%),High (>16 hrs),Low Risk,7.45
STU1408,18,Female,Master,6.6,86.1,55.0,26.4,77.3,No,Yes,Yes,6.3,64.5,Pass,Yes,Excellent (>85%),Low (<8 hrs),Moderate Risk,6.45
STU1409,21,Male,High School,17.3,76.8,65.8,26.2,77.9,No,Yes,Yes,6.9,65.5,Merit,Yes,Good (75-85%),High (>16 hrs),Low Risk,6.55
STU1410,18,Female,High School,17.9,86.7,64.0,25.2,81.4,Yes,Yes,No,6.6,65.8,Merit,Yes,Excellent (>85%),High (>16 hrs),Low Risk,6.58
STU1411,19,Female,Bachelor,16.1,70.6,44.5,20.5,68.8,Yes,Yes,No,5.6,53.5,Pass,Yes,Moderate (65-75%),High (>16 hrs),Moderate Risk,5.35
STU1412,22,Female,Bachelor,25.3,75.4,67.7,33.5,73.0,No,Yes,Yes,4.8,63.6,Pass,Yes,Good (75-85%),High (>16 hrs),Moderate Risk,6.36
STU1413,22,Female,Master,13.4,90.6,66.3,33.3,86.1,No,Yes,Yes,6.3,67.3,Merit,Yes,Excellent (>85%),Medium (8-16 hrs),Low Risk,6.73
STU1414,19,Male,Diploma,24.8,86.6,70.0,31.8,83.8,No,No,No,4.3,58.7,Pass,Yes,Excellent (>85%),High (>16 hrs),Moderate Risk,5.87
STU1415,20,Male,High School,24.7,78.3,67.2,27.9,70.6,No,Yes,Yes,5.8,62.4,Pass,Yes,Good (75-85%),High (>16 hrs),Moderate Risk,6.24
STU1416,19,Female,Bachelor,18.1,61.4,94.9,43.7,55.8,Yes,Yes,Yes,7.6,72.9,Merit,Yes,Critical (<65%),High (>16 hrs),Low Risk,7.29
STU1417,19,Female,Diploma,14.9,83.1,81.3,38.6,71.3,No,Yes,Yes,7.2,73.3,Merit,Yes,Good (75-85%),Medium (8-16 hrs),Low Risk,7.33
STU1418,19,Female,Diploma,16.2,77.5,65.5,30.4,77.0,Yes,Yes,No,7.0,68.6,Merit,Yes,Good (75-85%),High (>16 hrs),Low Risk,6.86
STU1419,20,Female,Diploma,27.9,71.1,66.8,34.4,77.2,No,Yes,Yes,8.3,74.6,Merit,Yes,Moderate (65-75%),High (>16 hrs),Low Risk,7.46
STU1420,20,Female,High School,21.4,95.0,89.7,36.8,84.7,No,Yes,No,6.2,84.0,Distinction,Yes,Excellent (>85%),High (>16 hrs),Low Risk,8.4
STU1421,20,Male,Diploma,7.1,57.6,77.1,32.3,53.7,No,No,Yes,7.8,54.0,Pass,Yes,Critical (<65%),Low (<8 hrs),High Risk,5.4
STU1422,20,Male,Diploma,15.7,70.3,47.8,25.3,74.3,No,No,Yes,6.1,50.8,Pass,Yes,Moderate (65-75%),Medium (8-16 hrs),Moderate Risk,5.08
STU1423,18,Female,Bachelor,7.9,94.1,78.3,30.1,92.5,No,Yes,Yes,7.3,74.9,Merit,Yes,Excellent (>85%),Low (<8 hrs),Low Risk,7.49
STU1424,19,Female,Bachelor,8.9,69.6,82.4,35.2,76.3,No,Yes,No,7.2,68.2,Merit,Yes,Moderate (65-75%),Medium (8-16 hrs),Low Risk,6.82
STU1425,18,Male,High School,10.5,64.7,87.6,36.9,67.4,No,Yes,No,7.2,69.7,Merit,Yes,Critical (<65%),Medium (8-16 hrs),Low Risk,6.97
STU1426,19,Female,High School,5.5,71.2,59.4,21.3,77.1,No,Yes,Yes,6.6,51.7,Pass,Yes,Moderate (65-75%),Low (<8 hrs),Moderate Risk,5.17
STU1427,19,Male,High School,7.7,91.6,58.4,25.6,74.4,Yes,Yes,Yes,7.4,63.7,Pass,Yes,Excellent (>85%),Low (<8 hrs),Moderate Risk,6.37
STU1428,21,Female,High School,25.9,82.6,51.8,25.9,70.0,No,Yes,No,7.4,62.9,Pass,Yes,Good (75-85%),High (>16 hrs),Moderate Risk,6.29
STU1429,19,Male,Bachelor,8.9,72.5,69.3,31.7,62.6,Yes,Yes,No,5.4,61.5,Pass,Yes,Moderate (65-75%),Medium (8-16 hrs),Moderate Risk,6.15
STU1430,18,Male,Master,19.5,79.3,75.3,36.7,79.8,Yes,Yes,Yes,7.9,81.9,Distinction,Yes,Good (75-85%),High (>16 hrs),Low Risk,8.19
STU1431,18,Female,Bachelor,14.0,91.9,57.8,30.2,75.7,Yes,Yes,No,5.6,67.1,Merit,Yes,Excellent (>85%),Medium (8-16 hrs),Low Risk,6.71
STU1432,20,Male,Bachelor,16.9,69.2,63.0,27.0,68.4,No,No,Yes,6.0,57.8,Pass,Yes,Moderate (65-75%),High (>16 hrs),Moderate Risk,5.78
STU1433,20,Female,Diploma,17.3,68.9,36.2,25.6,67.7,Yes,No,Yes,7.3,57.0,Pass,Yes,Moderate (65-75%),High (>16 hrs),Moderate Risk,5.7
STU1434,18,Female,Diploma,7.5,85.4,86.1,37.5,76.0,No,Yes,Yes,7.7,74.3,Merit,Yes,Excellent (>85%),Low (<8 hrs),Low Risk,7.43
STU1435,18,Female,Master,19.4,74.9,43.1,18.7,79.8,No,Yes,No,7.2,53.6,Pass,Yes,Moderate (65-75%),High (>16 hrs),Moderate Risk,5.36
STU1436,20,Male,Master,6.2,65.3,70.2,29.1,59.1,Yes,No,Yes,7.4,60.8,Pass,Yes,Moderate (65-75%),Low (<8 hrs),Moderate Risk,6.08
STU1437,18,Male,Diploma,8.7,76.1,68.3,32.6,70.3,No,Yes,No,5.7,71.3,Merit,Yes,Good (75-85%),Medium (8-16 hrs),Low Risk,7.13
STU1438,21,Male,Diploma,17.1,62.3,65.6,28.5,69.1,Yes,Yes,No,6.4,64.8,Pass,Yes,Critical (<65%),High (>16 hrs),Moderate Risk,6.48
STU1439,20,Female,Bachelor,7.2,84.5,66.0,29.4,69.8,No,Yes,No,4.7,61.7,Pass,Yes,Good (75-85%),Low (<8 hrs),Moderate Risk,6.17
STU1440,18,Female,High School,3.7,83.0,50.8,22.1,81.6,No,No,Yes,6.0,49.2,At-Risk,No,Good (75-85%),Low (<8 hrs),High Risk,4.92
STU1441,18,Female,Bachelor,15.3,95.7,60.4,26.4,93.3,No,Yes,Yes,5.5,68.4,Merit,Yes,Excellent (>85%),Medium (8-16 hrs),Low Risk,6.84
STU1442,23,Female,Bachelor,4.9,88.7,78.6,35.9,90.7,Yes,Yes,No,7.0,75.7,Merit,Yes,Excellent (>85%),Low (<8 hrs),Low Risk,7.57
STU1443,19,Female,High School,17.9,68.6,82.7,35.6,75.5,No,No,No,9.6,59.1,Pass,Yes,Moderate (65-75%),High (>16 hrs),Moderate Risk,5.91
STU1444,19,Female,Master,10.9,61.8,59.1,25.2,59.6,No,Yes,No,7.8,57.7,Pass,Yes,Critical (<65%),Medium (8-16 hrs),Moderate Risk,5.77
STU1445,20,Male,Master,15.2,63.7,43.2,23.2,66.3,No,Yes,Yes,4.5,45.4,At-Risk,No,Critical (<65%),Medium (8-16 hrs),High Risk,4.54
STU1446,22,Female,Master,15.1,74.6,54.1,23.3,63.8,No,Yes,Yes,5.3,53.1,Pass,Yes,Moderate (65-75%),Medium (8-16 hrs),Moderate Risk,5.31
STU1447,23,Male,Diploma,18.6,89.5,90.9,42.2,77.8,Yes,Yes,No,5.6,91.3,Distinction,Yes,Excellent (>85%),High (>16 hrs),Low Risk,9.13
STU1448,20,Female,High School,17.4,97.0,54.9,21.6,79.8,No,Yes,Yes,5.1,57.3,Pass,Yes,Excellent (>85%),High (>16 hrs),Moderate Risk,5.73
STU1449,19,Female,Bachelor,7.2,77.7,63.6,27.1,70.7,Yes,Yes,No,6.7,61.3,Pass,Yes,Good (75-85%),Low (<8 hrs),Moderate Risk,6.13
STU1450,18,Female,Diploma,11.3,63.8,84.8,33.8,72.2,Yes,Yes,Yes,7.3,72.0,Merit,Yes,Critical (<65%),Medium (8-16 hrs),Low Risk,7.2
STU1451,20,Male,High School,15.2,85.7,57.6,32.4,76.9,No,Yes,Yes,5.6,63.4,Pass,Yes,Excellent (>85%),Medium (8-16 hrs),Moderate Risk,6.34
STU1452,19,Male,Diploma,25.0,89.9,62.7,33.0,84.2,No,Yes,Yes,6.8,72.5,Merit,Yes,Excellent (>85%),High (>16 hrs),Low Risk,7.25
STU1453,19,Male,Bachelor,17.5,94.4,76.1,36.3,84.7,No,Yes,Yes,7.2,73.4,Merit,Yes,Excellent (>85%),High (>16 hrs),Low Risk,7.34
STU1454,21,Male,High School,24.0,75.7,89.0,47.6,72.2,Yes,Yes,Yes,7.8,88.3,Distinction,Yes,Good (75-85%),High (>16 hrs),Low Risk,8.83
STU1455,18,Male,Diploma,15.6,43.5,56.0,27.9,59.8,Yes,Yes,No,7.2,57.0,Pass,Yes,Critical (<65%),Medium (8-16 hrs),High Risk,5.7
STU1456,19,Female,High School,21.6,40.0,84.5,37.4,45.0,No,Yes,Yes,7.4,62.8,Pass,Yes,Critical (<65%),High (>16 hrs),High Risk,6.28
STU1457,18,Female,Bachelor,14.6,63.7,61.1,28.8,67.1,No,Yes,Yes,7.0,61.4,Pass,Yes,Critical (<65%),Medium (8-16 hrs),Moderate Risk,6.14
STU1458,19,Male,Bachelor,21.2,78.1,52.6,28.4,73.1,Yes,Yes,No,5.9,72.7,Merit,Yes,Good (75-85%),High (>16 hrs),Low Risk,7.27
STU1459,18,Male,High School,10.6,93.2,68.5,27.7,76.5,No,Yes,No,6.1,63.2,Pass,Yes,Excellent (>85%),Medium (8-16 hrs),Moderate Risk,6.32
STU1460,18,Male,Master,26.4,72.8,48.8,17.9,70.7,Yes,Yes,Yes,5.5,64.2,Pass,Yes,Moderate (65-75%),High (>16 hrs),Moderate Risk,6.42
STU1461,18,Female,High School,16.5,92.1,71.6,33.6,90.7,No,Yes,No,8.6,73.7,Merit,Yes,Excellent (>85%),High (>16 hrs),Low Risk,7.37
STU1462,20,Male,Bachelor,5.6,86.6,98.0,42.0,72.6,No,Yes,No,5.4,76.1,Merit,Yes,Excellent (>85%),Low (<8 hrs),Low Risk,7.61
STU1463,20,Female,Bachelor,15.5,71.2,80.5,28.3,61.2,No,Yes,Yes,8.0,69.5,Merit,Yes,Moderate (65-75%),Medium (8-16 hrs),Low Risk,6.95
STU1464,19,Male,Bachelor,17.5,87.2,63.5,24.2,74.1,Yes,Yes,Yes,5.4,63.0,Pass,Yes,Excellent (>85%),High (>16 hrs),Moderate Risk,6.3
STU1465,22,Female,High School,19.7,82.0,79.7,34.8,82.7,No,Yes,No,7.8,74.3,Merit,Yes,Good (75-85%),High (>16 hrs),Low Risk,7.43
STU1466,19,Female,Master,30.9,91.3,52.0,23.6,88.4,No,Yes,Yes,8.1,69.3,Merit,Yes,Excellent (>85%),High (>16 hrs),Low Risk,6.93
STU1467,19,Male,Master,9.7,80.3,54.3,24.7,77.5,No,Yes,No,8.3,57.1,Pass,Yes,Good (75-85%),Medium (8-16 hrs),Moderate Risk,5.71
STU1468,21,Female,Bachelor,31.0,85.4,63.9,35.8,79.1,No,Yes,No,5.9,77.1,Merit,Yes,Excellent (>85%),High (>16 hrs),Low Risk,7.71
STU1469,18,Male,Diploma,12.9,52.7,66.2,29.1,64.7,Yes,Yes,No,7.2,60.3,Pass,Yes,Critical (<65%),Medium (8-16 hrs),High Risk,6.03
STU1470,22,Female,High School,8.5,91.2,46.9,22.1,89.2,No,Yes,Yes,6.3,62.0,Pass,Yes,Excellent (>85%),Medium (8-16 hrs),Moderate Risk,6.2
STU1471,18,Male,Bachelor,9.8,81.4,60.7,21.6,83.2,Yes,No,Yes,6.0,57.1,Pass,Yes,Good (75-85%),Medium (8-16 hrs),Moderate Risk,5.71
STU1472,22,Female,Diploma,17.0,87.1,63.0,28.2,87.2,No,Yes,No,7.0,62.7,Pass,Yes,Excellent (>85%),High (>16 hrs),Moderate Risk,6.27
STU1473,18,Female,Bachelor,7.8,66.2,86.6,40.1,69.2,Yes,Yes,No,7.9,78.5,Merit,Yes,Moderate (65-75%),Low (<8 hrs),Low Risk,7.85
STU1474,21,Female,Diploma,10.7,91.7,46.9,16.3,83.4,No,Yes,Yes,6.3,52.1,Pass,Yes,Excellent (>85%),Medium (8-16 hrs),Moderate Risk,5.21
STU1475,19,Female,Bachelor,15.3,58.3,45.6,17.3,68.1,Yes,No,No,7.4,44.6,At-Risk,No,Critical (<65%),Medium (8-16 hrs),High Risk,4.46
STU1476,23,Male,High School,26.3,74.7,67.5,32.1,80.8,Yes,Yes,Yes,6.0,74.4,Merit,Yes,Moderate (65-75%),High (>16 hrs),Low Risk,7.44
STU1477,18,Male,High School,19.4,92.5,81.1,34.6,75.2,Yes,Yes,Yes,5.9,83.0,Distinction,Yes,Excellent (>85%),High (>16 hrs),Low Risk,8.3
STU1478,19,Male,High School,13.1,90.5,72.7,32.4,74.4,No,Yes,No,6.6,71.6,Merit,Yes,Excellent (>85%),Medium (8-16 hrs),Low Risk,7.16
STU1479,22,Male,High School,16.9,64.1,69.2,33.0,74.0,No,Yes,Yes,6.7,63.0,Pass,Yes,Critical (<65%),High (>16 hrs),Moderate Risk,6.3
STU1480,19,Female,Bachelor,14.5,73.5,61.0,34.6,67.0,No,Yes,Yes,7.7,65.6,Merit,Yes,Moderate (65-75%),Medium (8-16 hrs),Low Risk,6.56
STU1481,20,Male,Bachelor,6.6,84.4,74.5,32.7,86.5,Yes,Yes,Yes,5.6,71.6,Merit,Yes,Good (75-85%),Low (<8 hrs),Low Risk,7.16
STU1482,20,Female,Bachelor,28.6,95.7,76.6,40.7,84.8,No,Yes,No,9.4,84.0,Distinction,Yes,Excellent (>85%),High (>16 hrs),Low Risk,8.4
STU1483,19,Female,Bachelor,26.5,91.5,61.4,20.8,76.4,No,Yes,Yes,5.0,60.9,Pass,Yes,Excellent (>85%),High (>16 hrs),Moderate Risk,6.09
STU1484,20,Female,Bachelor,12.3,86.4,51.7,23.8,72.1,Yes,Yes,No,7.3,63.0,Pass,Yes,Excellent (>85%),Medium (8-16 hrs),Moderate Risk,6.3
STU1485,19,Male,Diploma,10.0,81.0,51.8,22.1,69.8,No,Yes,No,6.7,55.8,Pass,Yes,Good (75-85%),Medium (8-16 hrs),Moderate Risk,5.58
STU1486,21,Female,Diploma,6.6,56.5,77.3,32.9,54.5,No,Yes,No,6.3,57.2,Pass,Yes,Critical (<65%),Low (<8 hrs),High Risk,5.72
STU1487,18,Female,Diploma,17.5,53.1,43.4,21.8,56.9,Yes,No,Yes,6.8,47.2,At-Risk,No,Critical (<65%),High (>16 hrs),High Risk,4.72
STU1488,19,Male,Bachelor,17.5,71.3,88.5,39.1,73.9,Yes,Yes,No,7.7,79.4,Merit,Yes,Moderate (65-75%),High (>16 hrs),Low Risk,7.94
STU1489,22,Female,High School,8.2,72.6,58.6,19.3,80.5,No,Yes,Yes,7.9,57.9,Pass,Yes,Moderate (65-75%),Medium (8-16 hrs),Moderate Risk,5.79
STU1490,21,Female,High School,14.6,71.2,69.3,25.6,68.7,Yes,Yes,No,6.8,65.1,Merit,Yes,Moderate (65-75%),Medium (8-16 hrs),Low Risk,6.51
STU1491,19,Male,Bachelor,19.2,62.2,74.8,36.2,63.9,No,No,Yes,7.4,63.4,Pass,Yes,Critical (<65%),High (>16 hrs),Moderate Risk,6.34
STU1492,20,Male,Master,9.7,46.3,55.4,19.2,52.8,No,Yes,Yes,5.5,47.9,At-Risk,No,Critical (<65%),Medium (8-16 hrs),High Risk,4.79
STU1493,19,Male,Bachelor,11.6,63.3,58.6,29.0,65.1,No,Yes,No,6.8,58.2,Pass,Yes,Critical (<65%),Medium (8-16 hrs),Moderate Risk,5.82
STU1494,18,Male,Bachelor,11.5,99.2,66.8,30.5,89.8,No,Yes,Yes,7.4,70.5,Merit,Yes,Excellent (>85%),Medium (8-16 hrs),Low Risk,7.05
STU1495,19,Male,Bachelor,8.5,86.4,53.0,23.3,70.7,Yes,Yes,Yes,4.5,59.6,Pass,Yes,Excellent (>85%),Medium (8-16 hrs),Moderate Risk,5.96
STU1496,19,Male,Diploma,11.7,52.8,50.1,22.3,47.0,No,Yes,Yes,7.1,51.0,Pass,Yes,Critical (<65%),Medium (8-16 hrs),High Risk,5.1
STU1497,19,Male,Bachelor,5.0,94.5,51.3,24.9,78.1,Yes,Yes,No,6.8,59.7,Pass,Yes,Excellent (>85%),Low (<8 hrs),Moderate Risk,5.97
STU1498,18,Male,Bachelor,11.2,63.3,81.9,32.7,56.3,No,Yes,Yes,8.4,69.2,Merit,Yes,Critical (<65%),Medium (8-16 hrs),Low Risk,6.92
STU1499,22,Female,High School,11.3,58.6,70.6,31.9,65.1,No,Yes,Yes,7.2,63.0,Pass,Yes,Critical (<65%),Medium (8-16 hrs),High Risk,6.3
STU1500,23,Female,Diploma,12.4,40.0,53.9,20.3,45.0,No,Yes,Yes,7.5,45.4,At-Risk,No,Critical (<65%),Medium (8-16 hrs),High Risk,4.54
STU1501,20,Female,High School,16.3,93.3,77.2,35.3,93.2,No,Yes,No,6.7,70.9,Merit,Yes,Excellent (>85%),High (>16 hrs),Low Risk,7.09
STU1502,19,Male,Diploma,6.3,89.2,54.7,26.9,91.0,No,Yes,Yes,7.7,61.3,Pass,Yes,Excellent (>85%),Low (<8 hrs),Moderate Risk,6.13
STU1503,19,Male,Master,7.0,81.5,37.7,17.5,86.6,Yes,Yes,Yes,7.6,53.8,Pass,Yes,Good (75-85%),Low (<8 hrs),Moderate Risk,5.38
STU1504,20,Male,Diploma,8.3,92.3,74.8,35.8,93.4,No,Yes,Yes,5.6,74.1,Merit,Yes,Excellent (>85%),Medium (8-16 hrs),Low Risk,7.41
STU1505,20,Male,Diploma,6.0,69.0,88.0,37.1,63.7,Yes,Yes,Yes,7.3,74.4,Merit,Yes,Moderate (65-75%),Low (<8 hrs),Low Risk,7.44
STU1506,18,Male,Bachelor,17.2,73.2,72.8,32.5,71.4,No,Yes,No,8.3,72.6,Merit,Yes,Moderate (65-75%),High (>16 hrs),Low Risk,7.26
STU1507,21,Female,Diploma,9.4,84.1,38.6,16.5,72.4,Yes,Yes,No,8.1,49.6,At-Risk,No,Good (75-85%),Medium (8-16 hrs),High Risk,4.96
STU1508,21,Male,Bachelor,12.6,84.8,64.7,28.1,85.5,No,Yes,No,7.0,72.4,Merit,Yes,Good (75-85%),Medium (8-16 hrs),Low Risk,7.24
STU1509,22,Female,Bachelor,7.9,72.6,61.2,24.7,78.6,Yes,Yes,Yes,7.4,64.7,Pass,Yes,Moderate (65-75%),Low (<8 hrs),Moderate Risk,6.47
STU1510,20,Female,Diploma,10.6,93.8,70.3,30.1,92.7,No,Yes,No,8.0,71.4,Merit,Yes,Excellent (>85%),Medium (8-16 hrs),Low Risk,7.14
STU1511,20,Male,Bachelor,15.0,69.3,53.1,20.0,67.2,No,Yes,Yes,5.7,60.5,Pass,Yes,Moderate (65-75%),Medium (8-16 hrs),Moderate Risk,6.05
STU1512,19,Male,High School,15.3,95.6,60.3,21.2,92.1,No,Yes,No,7.5,64.2,Pass,Yes,Excellent (>85%),Medium (8-16 hrs),Moderate Risk,6.42
STU1513,21,Female,High School,7.2,90.5,45.1,17.8,75.3,Yes,No,Yes,4.8,49.6,At-Risk,No,Excellent (>85%),Low (<8 hrs),High Risk,4.96
STU1514,21,Male,Diploma,12.3,90.8,68.1,32.8,74.4,No,No,No,7.9,64.6,Pass,Yes,Excellent (>85%),Medium (8-16 hrs),Moderate Risk,6.46
STU1515,18,Male,Diploma,8.0,49.2,45.6,21.3,59.5,Yes,Yes,Yes,6.6,51.3,Pass,Yes,Critical (<65%),Low (<8 hrs),High Risk,5.13
STU1516,18,Female,Master,12.1,65.8,71.1,27.6,64.6,No,Yes,Yes,6.9,66.3,Merit,Yes,Moderate (65-75%),Medium (8-16 hrs),Low Risk,6.63
STU1517,19,Male,Master,9.0,64.6,54.5,23.1,75.1,Yes,Yes,No,6.4,62.0,Pass,Yes,Critical (<65%),Medium (8-16 hrs),Moderate Risk,6.2
STU1518,20,Female,Bachelor,29.4,72.1,30.0,15.9,62.4,No,Yes,No,7.0,46.8,At-Risk,No,Moderate (65-75%),High (>16 hrs),High Risk,4.68
STU1519,23,Female,Diploma,19.1,82.4,76.1,32.7,84.8,Yes,Yes,No,7.3,74.5,Merit,Yes,Good (75-85%),High (>16 hrs),Low Risk,7.45
STU1520,18,Male,Master,15.7,63.5,71.9,27.4,64.0,No,Yes,No,7.8,67.2,Merit,Yes,Critical (<65%),Medium (8-16 hrs),Low Risk,6.72
STU1521,19,Male,Bachelor,11.1,61.4,83.9,45.7,69.5,No,No,No,8.4,71.0,Merit,Yes,Critical (<65%),Medium (8-16 hrs),Low Risk,7.1
STU1522,19,Male,Diploma,19.4,71.9,35.7,15.5,76.7,Yes,Yes,Yes,7.1,52.7,Pass,Yes,Moderate (65-75%),High (>16 hrs),Moderate Risk,5.27
STU1523,22,Male,Bachelor,12.5,65.7,55.8,21.0,74.3,No,Yes,No,5.2,52.0,Pass,Yes,Moderate (65-75%),Medium (8-16 hrs),Moderate Risk,5.2
STU1524,21,Male,High School,28.0,81.2,66.8,30.7,72.8,No,Yes,No,8.4,66.7,Merit,Yes,Good (75-85%),High (>16 hrs),Low Risk,6.67
STU1525,21,Female,High School,20.3,40.0,73.0,32.6,57.0,Yes,Yes,No,5.4,61.9,Pass,Yes,Critical (<65%),High (>16 hrs),High Risk,6.19
STU1526,19,Male,Bachelor,10.5,87.6,44.5,14.6,74.4,No,Yes,Yes,6.5,53.3,Pass,Yes,Excellent (>85%),Medium (8-16 hrs),Moderate Risk,5.33
STU1527,19,Male,Bachelor,26.4,84.2,71.0,32.3,70.6,No,Yes,No,6.5,73.7,Merit,Yes,Good (75-85%),High (>16 hrs),Low Risk,7.37
STU1528,19,Female,Diploma,11.1,77.3,57.0,29.1,72.7,Yes,Yes,No,7.0,63.2,Pass,Yes,Good (75-85%),Medium (8-16 hrs),Moderate Risk,6.32
STU1529,18,Female,Diploma,30.3,84.6,39.0,16.7,85.8,No,Yes,Yes,5.6,58.7,Pass,Yes,Good (75-85%),High (>16 hrs),Moderate Risk,5.87
STU1530,21,Female,Master,27.1,88.2,54.5,17.3,81.2,Yes,Yes,Yes,5.6,66.6,Merit,Yes,Excellent (>85%),High (>16 hrs),Low Risk,6.66
STU1531,20,Male,Bachelor,14.9,85.6,72.2,33.7,86.5,Yes,Yes,Yes,7.0,74.5,Merit,Yes,Excellent (>85%),Medium (8-16 hrs),Low Risk,7.45
STU1532,23,Female,Diploma,5.1,91.0,39.6,19.9,88.3,No,Yes,No,6.1,57.9,Pass,Yes,Excellent (>85%),Low (<8 hrs),Moderate Risk,5.79
STU1533,23,Female,High School,14.3,76.9,73.9,31.2,68.0,No,Yes,Yes,8.5,61.5,Pass,Yes,Good (75-85%),Medium (8-16 hrs),Moderate Risk,6.15
STU1534,19,Male,Diploma,6.8,76.6,69.0,29.0,82.6,No,Yes,Yes,6.4,58.0,Pass,Yes,Good (75-85%),Low (<8 hrs),Moderate Risk,5.8
STU1535,20,Male,Master,9.2,65.9,61.4,35.5,57.3,No,No,Yes,5.9,60.5,Pass,Yes,Moderate (65-75%),Medium (8-16 hrs),Moderate Risk,6.05
STU1536,22,Female,Diploma,9.5,40.0,42.1,16.6,56.0,No,Yes,No,8.8,36.6,At-Risk,No,Critical (<65%),Medium (8-16 hrs),High Risk,3.66
STU1537,21,Male,Diploma,6.8,92.5,43.2,15.5,80.8,No,Yes,Yes,7.5,45.5,At-Risk,No,Excellent (>85%),Low (<8 hrs),High Risk,4.55
STU1538,18,Male,Diploma,14.4,67.1,59.4,26.8,67.0,Yes,Yes,Yes,10.0,60.4,Pass,Yes,Moderate (65-75%),Medium (8-16 hrs),Moderate Risk,6.04
STU1539,19,Male,Master,8.6,90.3,49.3,24.2,81.7,No,Yes,No,4.9,59.3,Pass,Yes,Excellent (>85%),Medium (8-16 hrs),Moderate Risk,5.93
STU1540,18,Male,Bachelor,11.3,73.3,60.3,29.0,64.7,No,No,No,7.2,52.3,Pass,Yes,Moderate (65-75%),Medium (8-16 hrs),Moderate Risk,5.23
STU1541,22,Female,Bachelor,9.6,91.7,77.7,26.3,81.4,Yes,Yes,Yes,7.5,66.8,Merit,Yes,Excellent (>85%),Medium (8-16 hrs),Low Risk,6.68
STU1542,20,Female,Diploma,16.4,69.0,61.2,25.2,62.2,No,Yes,No,7.0,55.1,Pass,Yes,Moderate (65-75%),High (>16 hrs),Moderate Risk,5.51
STU1543,18,Female,High School,15.8,86.9,60.8,31.4,74.9,Yes,Yes,No,6.6,67.2,Merit,Yes,Excellent (>85%),Medium (8-16 hrs),Low Risk,6.72
STU1544,20,Male,Master,10.9,78.6,60.8,28.5,68.8,No,Yes,Yes,8.4,68.6,Merit,Yes,Good (75-85%),Medium (8-16 hrs),Low Risk,6.86
STU1545,20,Male,Master,16.8,71.5,79.2,31.3,69.8,No,Yes,Yes,7.5,68.9,Merit,Yes,Moderate (65-75%),High (>16 hrs),Low Risk,6.89
STU1546,19,Male,Master,23.0,70.9,83.1,41.7,75.6,No,Yes,No,5.1,77.2,Merit,Yes,Moderate (65-75%),High (>16 hrs),Low Risk,7.72
STU1547,18,Male,Master,3.3,60.9,70.9,35.3,64.0,Yes,Yes,Yes,6.0,68.3,Merit,Yes,Critical (<65%),Low (<8 hrs),Low Risk,6.83
STU1548,20,Male,Bachelor,9.3,78.1,66.9,29.1,82.5,No,No,Yes,5.7,63.8,Pass,Yes,Good (75-85%),Medium (8-16 hrs),Moderate Risk,6.38
STU1549,19,Female,Bachelor,7.5,85.7,68.2,33.8,82.7,Yes,Yes,No,6.9,69.7,Merit,Yes,Excellent (>85%),Low (<8 hrs),Low Risk,6.97
STU1550,20,Male,Bachelor,8.9,97.2,85.0,45.2,91.8,No,Yes,No,8.0,82.2,Distinction,Yes,Excellent (>85%),Medium (8-16 hrs),Low Risk,8.22
STU1551,19,Female,Bachelor,2.9,68.7,71.7,28.6,71.4,No,No,No,6.6,55.3,Pass,Yes,Moderate (65-75%),Low (<8 hrs),Moderate Risk,5.53
STU1552,21,Male,High School,3.2,60.3,86.3,40.8,61.2,No,Yes,Yes,6.7,68.6,Merit,Yes,Critical (<65%),Low (<8 hrs),Low Risk,6.86
STU1553,19,Male,Diploma,2.0,51.7,59.1,33.5,60.0,No,Yes,No,5.9,57.5,Pass,Yes,Critical (<65%),Low (<8 hrs),High Risk,5.75
STU1554,19,Male,Master,9.8,58.3,46.3,23.1,52.2,No,Yes,Yes,7.8,56.8,Pass,Yes,Critical (<65%),Medium (8-16 hrs),High Risk,5.68
STU1555,21,Female,Diploma,9.6,77.6,55.6,22.4,81.5,Yes,Yes,No,8.4,58.9,Pass,Yes,Good (75-85%),Medium (8-16 hrs),Moderate Risk,5.89
STU1556,19,Female,Bachelor,24.6,73.4,57.1,26.5,76.9,Yes,Yes,No,7.0,68.1,Merit,Yes,Moderate (65-75%),High (>16 hrs),Low Risk,6.81
STU1557,18,Female,High School,13.8,81.8,87.5,44.2,72.2,No,Yes,No,8.7,80.6,Distinction,Yes,Good (75-85%),Medium (8-16 hrs),Low Risk,8.06
STU1558,18,Male,Diploma,3.2,58.8,75.3,30.3,66.5,No,Yes,Yes,6.4,60.9,Pass,Yes,Critical (<65%),Low (<8 hrs),High Risk,6.09
STU1559,20,Male,Diploma,16.6,82.8,56.1,25.1,68.2,Yes,Yes,No,5.5,69.2,Merit,Yes,Good (75-85%),High (>16 hrs),Low Risk,6.92
STU1560,20,Female,High School,35.0,82.0,76.3,33.5,71.7,No,Yes,No,7.9,76.3,Merit,Yes,Good (75-85%),High (>16 hrs),Low Risk,7.63
STU1561,20,Male,High School,3.3,66.2,63.2,26.2,57.6,No,Yes,No,6.9,52.6,Pass,Yes,Moderate (65-75%),Low (<8 hrs),Moderate Risk,5.26
STU1562,18,Female,High School,28.2,68.4,87.9,40.4,73.5,No,Yes,Yes,6.4,82.7,Distinction,Yes,Moderate (65-75%),High (>16 hrs),Low Risk,8.27
STU1563,18,Male,Bachelor,12.5,41.1,60.3,26.8,53.9,No,Yes,No,7.1,53.6,Pass,Yes,Critical (<65%),Medium (8-16 hrs),High Risk,5.36
STU1564,18,Male,High School,10.2,91.2,43.5,21.8,90.1,No,Yes,Yes,5.3,53.2,Pass,Yes,Excellent (>85%),Medium (8-16 hrs),Moderate Risk,5.32
STU1565,19,Male,Diploma,9.4,70.2,62.4,32.1,59.2,Yes,Yes,No,5.1,59.0,Pass,Yes,Moderate (65-75%),Medium (8-16 hrs),Moderate Risk,5.9
STU1566,19,Male,High School,15.2,83.0,60.3,22.7,78.1,Yes,Yes,No,7.1,66.6,Merit,Yes,Good (75-85%),Medium (8-16 hrs),Low Risk,6.66
STU1567,19,Female,Bachelor,10.2,74.2,46.2,21.0,76.0,No,Yes,Yes,7.5,50.8,Pass,Yes,Moderate (65-75%),Medium (8-16 hrs),Moderate Risk,5.08
STU1568,19,Male,Bachelor,6.7,81.7,73.2,32.8,70.3,No,Yes,Yes,8.5,65.5,Merit,Yes,Good (75-85%),Low (<8 hrs),Low Risk,6.55
STU1569,21,Male,Bachelor,9.6,88.9,84.9,38.9,85.2,No,Yes,Yes,8.0,69.0,Merit,Yes,Excellent (>85%),Medium (8-16 hrs),Low Risk,6.9
STU1570,19,Male,Diploma,15.4,77.6,49.3,22.1,66.0,Yes,Yes,No,7.7,57.1,Pass,Yes,Good (75-85%),Medium (8-16 hrs),Moderate Risk,5.71
STU1571,19,Male,High School,18.0,83.0,78.6,31.9,71.7,No,Yes,Yes,8.4,73.5,Merit,Yes,Good (75-85%),High (>16 hrs),Low Risk,7.35
STU1572,20,Female,Bachelor,29.6,90.6,56.5,30.5,82.9,No,Yes,No,7.5,71.9,Merit,Yes,Excellent (>85%),High (>16 hrs),Low Risk,7.19
STU1573,19,Female,Bachelor,13.5,80.0,64.7,35.7,79.1,No,Yes,No,6.6,66.0,Merit,Yes,Good (75-85%),Medium (8-16 hrs),Low Risk,6.6
STU1574,20,Female,High School,23.6,67.7,63.2,30.4,60.3,No,No,Yes,8.0,63.4,Pass,Yes,Moderate (65-75%),High (>16 hrs),Moderate Risk,6.34
STU1575,21,Female,Diploma,11.6,61.1,64.7,31.2,56.5,Yes,No,Yes,8.0,58.6,Pass,Yes,Critical (<65%),Medium (8-16 hrs),Moderate Risk,5.86
STU1576,22,Male,High School,12.4,75.6,71.6,32.7,67.0,No,Yes,No,7.0,70.5,Merit,Yes,Good (75-85%),Medium (8-16 hrs),Low Risk,7.05
STU1577,18,Female,High School,12.1,60.9,50.7,26.2,57.4,Yes,Yes,No,5.7,58.4,Pass,Yes,Critical (<65%),Medium (8-16 hrs),Moderate Risk,5.84
STU1578,21,Male,Bachelor,14.3,85.6,83.1,28.8,74.5,Yes,Yes,Yes,5.0,70.9,Merit,Yes,Excellent (>85%),Medium (8-16 hrs),Low Risk,7.09
STU1579,19,Male,Bachelor,19.6,40.0,72.0,32.4,45.9,No,Yes,Yes,7.9,66.0,Merit,Yes,Critical (<65%),High (>16 hrs),High Risk,6.6
STU1580,19,Female,High School,10.0,65.8,76.7,32.5,69.1,No,Yes,No,7.5,62.9,Pass,Yes,Moderate (65-75%),Medium (8-16 hrs),Moderate Risk,6.29
STU1581,19,Male,Diploma,7.7,82.6,54.1,24.9,76.6,No,No,No,7.7,49.7,At-Risk,No,Good (75-85%),Low (<8 hrs),High Risk,4.97
STU1582,23,Female,Master,20.4,79.9,49.4,26.1,81.4,No,No,Yes,8.0,63.3,Pass,Yes,Good (75-85%),High (>16 hrs),Moderate Risk,6.33
STU1583,19,Male,Bachelor,19.6,83.1,81.6,36.8,82.6,Yes,No,Yes,6.0,77.9,Merit,Yes,Good (75-85%),High (>16 hrs),Low Risk,7.79
STU1584,19,Female,Bachelor,25.4,51.1,48.8,20.7,48.3,Yes,Yes,Yes,4.9,55.6,Pass,Yes,Critical (<65%),High (>16 hrs),High Risk,5.56
STU1585,20,Female,Diploma,9.2,84.4,67.1,25.3,70.1,Yes,Yes,No,7.6,67.8,Merit,Yes,Good (75-85%),Medium (8-16 hrs),Low Risk,6.78
STU1586,18,Female,Bachelor,11.4,62.6,79.3,35.3,71.4,No,Yes,Yes,8.3,72.7,Merit,Yes,Critical (<65%),Medium (8-16 hrs),Low Risk,7.27
STU1587,18,Female,Diploma,20.7,84.3,63.2,30.8,70.6,No,Yes,No,7.4,65.9,Merit,Yes,Good (75-85%),High (>16 hrs),Low Risk,6.59
STU1588,18,Female,High School,10.0,71.1,81.4,33.7,62.7,Yes,Yes,Yes,5.4,65.0,Merit,Yes,Moderate (65-75%),Medium (8-16 hrs),Low Risk,6.5
STU1589,18,Male,Diploma,17.6,66.4,61.2,20.5,56.9,No,Yes,No,7.3,55.2,Pass,Yes,Moderate (65-75%),High (>16 hrs),Moderate Risk,5.52
STU1590,18,Male,Bachelor,11.6,78.0,47.1,29.2,77.2,Yes,Yes,No,5.8,62.2,Pass,Yes,Good (75-85%),Medium (8-16 hrs),Moderate Risk,6.22
STU1591,18,Male,Diploma,15.1,86.6,70.2,32.8,82.3,No,Yes,No,5.3,60.7,Pass,Yes,Excellent (>85%),Medium (8-16 hrs),Moderate Risk,6.07
STU1592,20,Female,Bachelor,6.6,72.1,67.8,29.7,80.2,No,Yes,Yes,7.0,63.1,Pass,Yes,Moderate (65-75%),Low (<8 hrs),Moderate Risk,6.31
STU1593,18,Male,High School,13.4,55.2,98.0,49.0,66.4,Yes,Yes,No,7.2,83.3,Distinction,Yes,Critical (<65%),Medium (8-16 hrs),High Risk,8.33
STU1594,19,Female,Diploma,2.0,78.8,51.8,23.8,73.4,No,Yes,Yes,6.9,51.2,Pass,Yes,Good (75-85%),Low (<8 hrs),Moderate Risk,5.12
STU1595,21,Male,High School,22.7,75.0,61.5,32.3,69.9,No,Yes,Yes,7.5,63.3,Pass,Yes,Moderate (65-75%),High (>16 hrs),Moderate Risk,6.33
STU1596,19,Male,Diploma,18.8,75.1,54.8,29.0,68.5,No,Yes,Yes,6.1,61.1,Pass,Yes,Good (75-85%),High (>16 hrs),Moderate Risk,6.11
STU1597,20,Female,High School,7.5,99.0,63.0,23.9,82.3,No,Yes,No,7.1,64.9,Pass,Yes,Excellent (>85%),Low (<8 hrs),Moderate Risk,6.49
STU1598,18,Male,High School,28.5,82.8,62.4,29.7,70.7,Yes,Yes,No,6.5,68.9,Merit,Yes,Good (75-85%),High (>16 hrs),Low Risk,6.89
STU1599,18,Male,Diploma,22.0,84.6,52.8,29.8,71.9,No,Yes,No,6.7,71.7,Merit,Yes,Good (75-85%),High (>16 hrs),Low Risk,7.17
STU1600,18,Male,Diploma,6.8,40.0,71.6,28.7,45.0,No,Yes,No,7.3,49.1,At-Risk,No,Critical (<65%),Low (<8 hrs),High Risk,4.91
STU1601,18,Female,Bachelor,9.6,91.4,62.0,24.4,78.8,Yes,Yes,Yes,8.2,64.8,Pass,Yes,Excellent (>85%),Medium (8-16 hrs),Moderate Risk,6.48
STU1602,19,Female,High School,7.0,68.1,83.8,34.8,63.8,Yes,Yes,No,7.3,73.1,Merit,Yes,Moderate (65-75%),Low (<8 hrs),Low Risk,7.31
STU1603,18,Male,Bachelor,15.3,86.2,55.9,28.3,89.6,No,No,No,7.7,63.5,Pass,Yes,Excellent (>85%),Medium (8-16 hrs),Moderate Risk,6.35
STU1604,18,Male,Diploma,9.4,69.5,91.1,42.0,70.2,Yes,Yes,No,7.0,80.3,Distinction,Yes,Moderate (65-75%),Medium (8-16 hrs),Low Risk,8.03
STU1605,18,Male,Diploma,3.8,51.8,68.9,24.2,66.0,No,Yes,No,7.5,50.8,Pass,Yes,Critical (<65%),Low (<8 hrs),High Risk,5.08
STU1606,19,Female,Bachelor,12.4,73.0,82.8,38.5,68.5,No,Yes,No,8.1,71.1,Merit,Yes,Moderate (65-75%),Medium (8-16 hrs),Low Risk,7.11
STU1607,18,Female,Bachelor,20.0,66.3,66.6,29.1,65.6,No,Yes,No,9.1,57.2,Pass,Yes,Moderate (65-75%),High (>16 hrs),Moderate Risk,5.72
STU1608,19,Male,Diploma,13.6,71.4,54.1,24.0,66.5,No,Yes,No,8.3,55.0,Pass,Yes,Moderate (65-75%),Medium (8-16 hrs),Moderate Risk,5.5
STU1609,19,Male,Master,16.8,80.5,61.3,24.7,70.0,Yes,No,Yes,6.9,63.7,Pass,Yes,Good (75-85%),High (>16 hrs),Moderate Risk,6.37
STU1610,20,Male,Bachelor,14.2,91.6,45.6,21.7,77.0,Yes,Yes,No,8.3,59.4,Pass,Yes,Excellent (>85%),Medium (8-16 hrs),Moderate Risk,5.94
STU1611,18,Female,Master,18.4,65.4,63.4,32.2,74.7,No,No,No,7.6,56.2,Pass,Yes,Moderate (65-75%),High (>16 hrs),Moderate Risk,5.62
STU1612,20,Female,Bachelor,14.9,90.3,67.4,28.1,92.9,No,Yes,Yes,6.3,72.7,Merit,Yes,Excellent (>85%),Medium (8-16 hrs),Low Risk,7.27
STU1613,20,Male,Diploma,12.0,96.4,65.6,23.6,78.4,No,Yes,Yes,7.6,63.9,Pass,Yes,Excellent (>85%),Medium (8-16 hrs),Moderate Risk,6.39
STU1614,18,Male,Diploma,13.5,54.8,83.6,36.6,51.4,No,Yes,Yes,5.8,68.5,Merit,Yes,Critical (<65%),Medium (8-16 hrs),High Risk,6.85
STU1615,21,Male,Bachelor,25.9,64.1,62.9,31.0,63.3,Yes,Yes,No,7.6,68.3,Merit,Yes,Critical (<65%),High (>16 hrs),Low Risk,6.83
STU1616,21,Female,Master,17.3,84.7,38.5,15.9,73.0,Yes,Yes,Yes,8.9,59.0,Pass,Yes,Good (75-85%),High (>16 hrs),Moderate Risk,5.9
STU1617,18,Male,Bachelor,7.5,79.9,98.0,38.9,73.2,No,Yes,Yes,7.9,84.1,Distinction,Yes,Good (75-85%),Low (<8 hrs),Low Risk,8.41
STU1618,19,Female,Master,13.4,88.2,55.3,27.6,74.3,No,Yes,No,8.3,60.7,Pass,Yes,Excellent (>85%),Medium (8-16 hrs),Moderate Risk,6.07
STU1619,20,Female,Diploma,15.2,68.4,78.6,40.3,67.0,Yes,Yes,No,6.6,72.5,Merit,Yes,Moderate (65-75%),Medium (8-16 hrs),Low Risk,7.25
STU1620,20,Male,Diploma,11.8,86.6,43.9,19.8,76.1,Yes,Yes,Yes,7.5,54.9,Pass,Yes,Excellent (>85%),Medium (8-16 hrs),Moderate Risk,5.49
STU1621,18,Male,Master,3.8,88.0,68.4,25.2,78.6,Yes,Yes,Yes,7.8,73.3,Merit,Yes,Excellent (>85%),Low (<8 hrs),Low Risk,7.33
STU1622,18,Male,Bachelor,7.9,68.7,53.9,23.1,60.0,Yes,Yes,No,6.7,56.9,Pass,Yes,Moderate (65-75%),Low (<8 hrs),Moderate Risk,5.69
STU1623,19,Female,Master,10.3,92.0,30.0,14.0,83.0,No,Yes,No,7.8,53.0,Pass,Yes,Excellent (>85%),Medium (8-16 hrs),Moderate Risk,5.3
STU1624,19,Female,Bachelor,30.1,68.3,61.0,24.6,77.5,No,Yes,Yes,7.5,57.3,Pass,Yes,Moderate (65-75%),High (>16 hrs),Moderate Risk,5.73
STU1625,20,Female,Diploma,16.4,93.7,64.3,31.0,82.2,No,No,No,7.8,65.8,Merit,Yes,Excellent (>85%),High (>16 hrs),Low Risk,6.58
STU1626,19,Female,Bachelor,5.0,86.3,61.9,24.7,87.9,No,Yes,Yes,5.9,60.1,Pass,Yes,Excellent (>85%),Low (<8 hrs),Moderate Risk,6.01
STU1627,19,Male,Master,12.2,95.3,68.4,30.9,93.6,No,Yes,No,8.4,76.2,Merit,Yes,Excellent (>85%),Medium (8-16 hrs),Low Risk,7.62
STU1628,20,Female,Bachelor,23.9,87.2,61.2,26.7,90.1,No,Yes,Yes,7.5,71.0,Merit,Yes,Excellent (>85%),High (>16 hrs),Low Risk,7.1
STU1629,18,Female,High School,9.3,61.9,66.0,31.9,69.1,Yes,No,Yes,6.9,57.5,Pass,Yes,Critical (<65%),Medium (8-16 hrs),Moderate Risk,5.75
STU1630,19,Male,Diploma,21.1,98.0,67.4,30.3,91.8,No,Yes,Yes,6.9,77.7,Merit,Yes,Excellent (>85%),High (>16 hrs),Low Risk,7.77
STU1631,20,Female,Diploma,5.1,85.8,64.5,28.3,87.2,Yes,Yes,Yes,7.0,71.2,Merit,Yes,Excellent (>85%),Low (<8 hrs),Low Risk,7.12
STU1632,21,Female,High School,2.0,92.8,62.6,25.4,76.5,Yes,Yes,No,6.1,67.6,Merit,Yes,Excellent (>85%),Low (<8 hrs),Low Risk,6.76
STU1633,19,Female,Bachelor,22.7,55.0,52.5,23.7,57.8,Yes,Yes,No,8.3,61.4,Pass,Yes,Critical (<65%),High (>16 hrs),High Risk,6.14
STU1634,19,Female,High School,10.0,58.5,73.3,32.1,70.7,No,Yes,No,8.1,60.7,Pass,Yes,Critical (<65%),Medium (8-16 hrs),High Risk,6.07
STU1635,18,Female,Diploma,3.9,85.7,61.0,24.4,85.4,Yes,Yes,Yes,8.1,63.3,Pass,Yes,Excellent (>85%),Low (<8 hrs),Moderate Risk,6.33
STU1636,19,Female,Bachelor,10.4,46.5,59.9,27.5,61.8,Yes,Yes,Yes,8.7,56.2,Pass,Yes,Critical (<65%),Medium (8-16 hrs),High Risk,5.62
STU1637,19,Male,Diploma,14.2,85.7,72.2,33.8,85.6,No,Yes,Yes,7.2,71.4,Merit,Yes,Excellent (>85%),Medium (8-16 hrs),Low Risk,7.14
STU1638,18,Male,Bachelor,16.1,68.6,68.0,29.4,75.5,No,Yes,Yes,5.2,58.4,Pass,Yes,Moderate (65-75%),High (>16 hrs),Moderate Risk,5.84
STU1639,19,Female,Diploma,2.3,88.4,55.2,28.1,86.0,No,No,No,7.7,54.4,Pass,Yes,Excellent (>85%),Low (<8 hrs),Moderate Risk,5.44
STU1640,19,Male,Master,8.9,81.1,82.5,38.0,82.0,No,Yes,Yes,7.7,81.2,Distinction,Yes,Good (75-85%),Medium (8-16 hrs),Low Risk,8.12
STU1641,18,Male,High School,13.2,84.2,48.4,17.3,79.4,Yes,Yes,No,8.7,58.3,Pass,Yes,Good (75-85%),Medium (8-16 hrs),Moderate Risk,5.83
STU1642,19,Male,High School,16.1,55.5,50.6,27.5,67.3,Yes,Yes,No,8.2,56.3,Pass,Yes,Critical (<65%),High (>16 hrs),High Risk,5.63
STU1643,18,Male,Bachelor,7.4,96.3,74.4,36.2,93.9,No,Yes,Yes,7.1,70.7,Merit,Yes,Excellent (>85%),Low (<8 hrs),Low Risk,7.07
STU1644,19,Female,Bachelor,11.5,96.9,89.5,43.8,94.7,No,Yes,No,6.8,83.5,Distinction,Yes,Excellent (>85%),Medium (8-16 hrs),Low Risk,8.35
STU1645,18,Female,High School,9.3,76.3,56.9,27.0,76.9,No,No,Yes,8.1,55.9,Pass,Yes,Good (75-85%),Medium (8-16 hrs),Moderate Risk,5.59
STU1646,21,Male,Master,14.4,86.3,70.8,23.7,76.5,No,Yes,Yes,4.1,62.5,Pass,Yes,Excellent (>85%),Medium (8-16 hrs),Moderate Risk,6.25
STU1647,19,Male,Diploma,22.3,63.1,48.3,25.6,54.9,No,Yes,No,7.3,55.5,Pass,Yes,Critical (<65%),High (>16 hrs),Moderate Risk,5.55
STU1648,20,Male,Master,10.7,81.0,52.0,23.6,85.4,No,Yes,No,8.0,60.9,Pass,Yes,Good (75-85%),Medium (8-16 hrs),Moderate Risk,6.09
STU1649,20,Female,Diploma,5.7,76.0,80.9,37.6,74.9,No,Yes,Yes,6.9,70.6,Merit,Yes,Good (75-85%),Low (<8 hrs),Low Risk,7.06
STU1650,19,Female,Diploma,8.6,53.4,70.1,33.4,53.3,Yes,Yes,No,6.6,64.6,Pass,Yes,Critical (<65%),Medium (8-16 hrs),High Risk,6.46
STU1651,18,Male,Diploma,28.3,76.8,81.3,43.4,66.7,No,Yes,Yes,7.3,82.1,Distinction,Yes,Good (75-85%),High (>16 hrs),Low Risk,8.21
STU1652,19,Female,Diploma,7.9,79.5,80.2,34.2,82.2,Yes,Yes,No,8.5,72.7,Merit,Yes,Good (75-85%),Low (<8 hrs),Low Risk,7.27
STU1653,19,Female,Bachelor,6.3,68.6,35.7,14.2,74.8,Yes,Yes,No,7.5,47.4,At-Risk,No,Moderate (65-75%),Low (<8 hrs),High Risk,4.74
STU1654,20,Female,Diploma,10.4,77.9,48.3,18.8,80.8,Yes,Yes,No,6.3,56.5,Pass,Yes,Good (75-85%),Medium (8-16 hrs),Moderate Risk,5.65
STU1655,19,Female,High School,12.2,93.3,68.8,27.2,88.2,No,Yes,No,8.3,68.6,Merit,Yes,Excellent (>85%),Medium (8-16 hrs),Low Risk,6.86
STU1656,18,Male,High School,9.6,90.2,41.2,14.9,80.5,Yes,Yes,No,8.6,57.5,Pass,Yes,Excellent (>85%),Medium (8-16 hrs),Moderate Risk,5.75
STU1657,19,Female,High School,5.1,70.6,50.2,16.1,65.5,Yes,No,Yes,6.1,45.1,At-Risk,No,Moderate (65-75%),Low (<8 hrs),High Risk,4.51
STU1658,19,Male,Bachelor,15.1,75.5,85.0,39.7,63.0,No,Yes,Yes,10.0,69.9,Merit,Yes,Good (75-85%),Medium (8-16 hrs),Low Risk,6.99
STU1659,20,Female,Bachelor,14.4,83.6,57.4,32.8,85.2,No,Yes,No,7.0,64.3,Pass,Yes,Good (75-85%),Medium (8-16 hrs),Moderate Risk,6.43
STU1660,19,Female,Bachelor,18.1,89.1,74.9,40.9,74.1,No,No,Yes,8.0,68.3,Merit,Yes,Excellent (>85%),High (>16 hrs),Low Risk,6.83
STU1661,19,Female,Master,14.2,85.2,64.6,26.1,82.3,No,Yes,No,7.8,62.5,Pass,Yes,Excellent (>85%),Medium (8-16 hrs),Moderate Risk,6.25
STU1662,23,Female,Bachelor,27.2,85.2,55.5,24.0,79.7,Yes,Yes,No,6.2,66.4,Merit,Yes,Excellent (>85%),High (>16 hrs),Low Risk,6.64
STU1663,20,Male,Master,18.8,68.9,41.7,23.1,68.8,Yes,Yes,No,6.5,57.1,Pass,Yes,Moderate (65-75%),High (>16 hrs),Moderate Risk,5.71
STU1664,18,Female,Diploma,16.9,90.5,68.3,32.2,91.9,Yes,Yes,No,7.1,76.1,Merit,Yes,Excellent (>85%),High (>16 hrs),Low Risk,7.61
STU1665,18,Female,High School,22.7,98.9,85.4,38.9,79.9,No,Yes,No,4.9,74.0,Merit,Yes,Excellent (>85%),High (>16 hrs),Low Risk,7.4
STU1666,18,Female,Diploma,13.8,84.6,55.9,24.3,84.7,No,Yes,No,7.9,60.9,Pass,Yes,Good (75-85%),Medium (8-16 hrs),Moderate Risk,6.09
STU1667,18,Male,Diploma,11.6,76.7,66.0,33.8,64.7,Yes,No,No,4.9,61.6,Pass,Yes,Good (75-85%),Medium (8-16 hrs),Moderate Risk,6.16
STU1668,18,Male,Master,15.0,54.2,43.7,15.9,48.7,Yes,Yes,No,7.0,47.5,At-Risk,No,Critical (<65%),Medium (8-16 hrs),High Risk,4.75
STU1669,18,Male,Bachelor,3.7,81.1,55.6,26.7,75.4,No,Yes,Yes,6.3,56.5,Pass,Yes,Good (75-85%),Low (<8 hrs),Moderate Risk,5.65
STU1670,19,Female,Diploma,13.8,52.6,69.8,32.6,48.1,No,Yes,No,7.6,55.7,Pass,Yes,Critical (<65%),Medium (8-16 hrs),High Risk,5.57
STU1671,18,Female,Bachelor,12.2,81.0,75.4,34.1,82.5,No,Yes,No,4.6,63.6,Pass,Yes,Good (75-85%),Medium (8-16 hrs),Moderate Risk,6.36
STU1672,21,Male,Diploma,15.9,55.1,72.8,35.5,59.2,Yes,No,No,5.2,62.8,Pass,Yes,Critical (<65%),Medium (8-16 hrs),High Risk,6.28
STU1673,18,Male,High School,21.2,91.9,36.6,16.6,74.9,Yes,No,Yes,6.3,54.7,Pass,Yes,Excellent (>85%),High (>16 hrs),Moderate Risk,5.47
STU1674,19,Female,Bachelor,17.2,57.7,58.6,24.5,51.2,No,Yes,Yes,7.6,62.3,Pass,Yes,Critical (<65%),High (>16 hrs),High Risk,6.23
STU1675,19,Female,Master,8.7,80.8,51.5,23.5,78.8,No,No,No,7.2,51.4,Pass,Yes,Good (75-85%),Medium (8-16 hrs),Moderate Risk,5.14
STU1676,23,Female,Bachelor,19.5,84.0,60.7,21.7,84.9,No,Yes,No,8.2,68.2,Merit,Yes,Good (75-85%),High (>16 hrs),Low Risk,6.82
STU1677,18,Female,Bachelor,27.4,53.4,63.4,30.7,56.1,No,Yes,Yes,7.1,61.3,Pass,Yes,Critical (<65%),High (>16 hrs),High Risk,6.13
STU1678,19,Male,Diploma,21.4,74.5,79.9,39.0,73.2,No,Yes,No,7.0,73.4,Merit,Yes,Moderate (65-75%),High (>16 hrs),Low Risk,7.34
STU1679,22,Male,High School,6.0,98.0,69.1,28.8,94.6,No,Yes,No,5.8,75.3,Merit,Yes,Excellent (>85%),Low (<8 hrs),Low Risk,7.53
STU1680,21,Female,Diploma,17.1,53.8,84.8,35.0,59.9,Yes,No,No,6.8,64.0,Pass,Yes,Critical (<65%),High (>16 hrs),High Risk,6.4
STU1681,20,Female,Bachelor,6.5,65.9,55.2,22.7,60.6,Yes,Yes,No,7.0,60.8,Pass,Yes,Moderate (65-75%),Low (<8 hrs),Moderate Risk,6.08
STU1682,19,Female,Diploma,11.0,77.9,45.2,20.1,76.8,No,Yes,Yes,4.7,48.1,At-Risk,No,Good (75-85%),Medium (8-16 hrs),High Risk,4.81
STU1683,18,Female,High School,15.6,72.1,85.4,39.2,73.0,Yes,Yes,No,6.0,73.8,Merit,Yes,Moderate (65-75%),Medium (8-16 hrs),Low Risk,7.38
STU1684,20,Female,Master,14.6,95.0,71.1,37.6,91.2,No,Yes,No,7.5,72.6,Merit,Yes,Excellent (>85%),Medium (8-16 hrs),Low Risk,7.26
STU1685,21,Male,Bachelor,21.2,87.9,54.6,29.8,83.9,No,Yes,No,7.2,67.8,Merit,Yes,Excellent (>85%),High (>16 hrs),Low Risk,6.78
STU1686,19,Male,Bachelor,27.4,81.5,71.1,34.9,86.4,No,Yes,Yes,6.7,72.5,Merit,Yes,Good (75-85%),High (>16 hrs),Low Risk,7.25
STU1687,19,Male,High School,16.4,48.3,76.7,34.9,47.8,No,Yes,Yes,6.3,61.5,Pass,Yes,Critical (<65%),High (>16 hrs),High Risk,6.15
STU1688,19,Male,High School,10.6,79.0,66.7,26.8,84.3,No,Yes,No,5.1,52.2,Pass,Yes,Good (75-85%),Medium (8-16 hrs),Moderate Risk,5.22
STU1689,20,Female,High School,3.8,86.6,54.8,30.5,81.4,No,Yes,Yes,4.6,56.4,Pass,Yes,Excellent (>85%),Low (<8 hrs),Moderate Risk,5.64
STU1690,18,Female,Bachelor,23.9,78.7,58.8,25.6,78.5,No,Yes,No,6.7,60.5,Pass,Yes,Good (75-85%),High (>16 hrs),Moderate Risk,6.05
STU1691,19,Male,High School,12.2,66.2,69.1,32.1,58.3,No,Yes,No,8.6,61.5,Pass,Yes,Moderate (65-75%),Medium (8-16 hrs),Moderate Risk,6.15
STU1692,19,Male,Bachelor,12.6,78.3,67.8,32.7,72.4,No,Yes,No,7.0,62.7,Pass,Yes,Good (75-85%),Medium (8-16 hrs),Moderate Risk,6.27
STU1693,19,Female,Master,13.1,78.0,82.0,37.1,80.0,Yes,Yes,No,8.1,82.0,Distinction,Yes,Good (75-85%),Medium (8-16 hrs),Low Risk,8.2
STU1694,18,Male,Diploma,16.0,63.0,61.1,31.5,68.2,No,Yes,No,5.7,54.8,Pass,Yes,Critical (<65%),Medium (8-16 hrs),Moderate Risk,5.48
STU1695,18,Female,Diploma,16.3,89.1,51.5,24.8,73.2,No,Yes,No,7.3,59.8,Pass,Yes,Excellent (>85%),High (>16 hrs),Moderate Risk,5.98
STU1696,20,Female,Bachelor,11.1,68.1,98.0,47.6,68.6,No,Yes,No,6.2,81.9,Distinction,Yes,Moderate (65-75%),Medium (8-16 hrs),Low Risk,8.19
STU1697,19,Female,Master,12.2,80.4,67.4,31.9,68.0,Yes,Yes,No,6.2,71.8,Merit,Yes,Good (75-85%),Medium (8-16 hrs),Low Risk,7.18
STU1698,19,Male,Master,9.2,64.5,76.7,34.4,75.1,No,Yes,No,7.8,63.8,Pass,Yes,Critical (<65%),Medium (8-16 hrs),Moderate Risk,6.38
STU1699,18,Male,High School,8.7,93.2,72.3,32.8,93.2,No,Yes,No,6.9,64.7,Pass,Yes,Excellent (>85%),Medium (8-16 hrs),Moderate Risk,6.47
STU1700,19,Female,High School,8.6,64.3,67.6,30.2,55.4,No,Yes,No,5.5,60.8,Pass,Yes,Critical (<65%),Medium (8-16 hrs),Moderate Risk,6.08
STU1701,19,Female,Bachelor,12.1,59.2,61.8,23.3,68.6,No,Yes,Yes,7.1,55.6,Pass,Yes,Critical (<65%),Medium (8-16 hrs),High Risk,5.56
STU1702,18,Male,Bachelor,7.7,70.6,30.0,12.0,77.8,No,Yes,No,6.2,39.5,At-Risk,No,Moderate (65-75%),Low (<8 hrs),High Risk,3.95
STU1703,19,Female,High School,2.0,64.7,50.1,25.1,62.4,Yes,Yes,No,5.4,50.7,Pass,Yes,Critical (<65%),Low (<8 hrs),Moderate Risk,5.07
STU1704,18,Male,Diploma,10.5,92.5,69.6,26.9,89.1,No,Yes,No,5.9,65.1,Merit,Yes,Excellent (>85%),Medium (8-16 hrs),Low Risk,6.51
STU1705,18,Female,Bachelor,6.2,66.0,30.0,12.1,65.0,Yes,Yes,No,9.3,37.3,At-Risk,No,Moderate (65-75%),Low (<8 hrs),High Risk,3.73
STU1706,23,Male,High School,13.6,96.6,66.0,26.0,90.7,No,Yes,No,8.3,64.2,Pass,Yes,Excellent (>85%),Medium (8-16 hrs),Moderate Risk,6.42
STU1707,19,Female,Bachelor,9.2,74.8,74.3,31.8,69.2,No,Yes,No,4.8,59.3,Pass,Yes,Moderate (65-75%),Medium (8-16 hrs),Moderate Risk,5.93
STU1708,20,Male,High School,16.1,86.6,76.7,34.0,77.1,No,No,No,6.8,64.9,Pass,Yes,Excellent (>85%),High (>16 hrs),Moderate Risk,6.49
STU1709,19,Male,Bachelor,6.5,69.5,73.4,31.6,67.1,No,Yes,No,6.9,64.5,Pass,Yes,Moderate (65-75%),Low (<8 hrs),Moderate Risk,6.45
STU1710,20,Male,Bachelor,4.3,91.9,78.4,30.3,77.2,No,Yes,Yes,6.7,73.4,Merit,Yes,Excellent (>85%),Low (<8 hrs),Low Risk,7.34
STU1711,20,Male,Diploma,12.2,84.5,87.5,38.7,85.8,Yes,Yes,Yes,6.3,76.0,Merit,Yes,Good (75-85%),Medium (8-16 hrs),Low Risk,7.6
STU1712,19,Female,Bachelor,10.2,68.9,80.3,32.8,65.2,Yes,Yes,No,7.8,69.6,Merit,Yes,Moderate (65-75%),Medium (8-16 hrs),Low Risk,6.96
STU1713,19,Female,Bachelor,5.9,95.7,67.8,28.3,85.0,No,Yes,No,8.0,66.2,Merit,Yes,Excellent (>85%),Low (<8 hrs),Low Risk,6.62
STU1714,19,Male,Master,18.8,71.4,63.1,31.0,77.9,No,Yes,No,8.2,68.3,Merit,Yes,Moderate (65-75%),High (>16 hrs),Low Risk,6.83
STU1715,19,Male,Diploma,7.2,72.6,66.6,33.3,70.8,No,Yes,Yes,7.4,65.6,Merit,Yes,Moderate (65-75%),Low (<8 hrs),Low Risk,6.56
STU1716,21,Female,Bachelor,8.4,84.2,61.1,22.9,79.8,Yes,Yes,Yes,7.7,63.2,Pass,Yes,Good (75-85%),Medium (8-16 hrs),Moderate Risk,6.32
STU1717,21,Female,Bachelor,20.5,72.1,80.6,41.8,79.6,Yes,Yes,No,6.6,78.9,Merit,Yes,Moderate (65-75%),High (>16 hrs),Low Risk,7.89
STU1718,22,Female,Bachelor,16.6,53.5,73.0,31.1,65.2,Yes,No,Yes,5.3,59.6,Pass,Yes,Critical (<65%),High (>16 hrs),High Risk,5.96
STU1719,18,Male,Master,6.8,96.7,59.7,24.8,81.1,Yes,Yes,No,5.2,57.9,Pass,Yes,Excellent (>85%),Low (<8 hrs),Moderate Risk,5.79
STU1720,20,Male,High School,10.7,63.9,83.5,34.5,64.2,No,Yes,No,6.1,60.0,Pass,Yes,Critical (<65%),Medium (8-16 hrs),Moderate Risk,6.0
STU1721,21,Female,Diploma,6.4,59.2,60.9,27.6,70.9,Yes,No,No,6.8,61.9,Pass,Yes,Critical (<65%),Low (<8 hrs),High Risk,6.19
STU1722,18,Male,Bachelor,19.8,86.8,51.8,30.2,78.2,No,Yes,Yes,5.6,63.3,Pass,Yes,Excellent (>85%),High (>16 hrs),Moderate Risk,6.33
STU1723,18,Female,High School,19.8,80.2,64.8,23.8,73.6,Yes,No,No,5.8,60.6,Pass,Yes,Good (75-85%),High (>16 hrs),Moderate Risk,6.06
STU1724,20,Male,Master,29.4,77.9,53.5,16.9,68.4,No,Yes,No,6.6,62.7,Pass,Yes,Good (75-85%),High (>16 hrs),Moderate Risk,6.27
STU1725,19,Female,Bachelor,35.0,83.3,78.1,36.1,70.6,No,Yes,Yes,8.0,81.2,Distinction,Yes,Good (75-85%),High (>16 hrs),Low Risk,8.12
STU1726,21,Male,Diploma,9.1,91.9,53.2,25.9,89.1,Yes,Yes,Yes,7.4,67.2,Merit,Yes,Excellent (>85%),Medium (8-16 hrs),Low Risk,6.72
STU1727,18,Female,Bachelor,18.2,85.4,63.4,28.7,85.2,Yes,Yes,Yes,6.1,74.3,Merit,Yes,Excellent (>85%),High (>16 hrs),Low Risk,7.43
STU1728,20,Male,Diploma,3.9,50.3,78.2,37.3,64.6,Yes,Yes,Yes,7.1,61.1,Pass,Yes,Critical (<65%),Low (<8 hrs),High Risk,6.11
STU1729,18,Female,Bachelor,14.1,46.2,55.0,20.8,57.8,Yes,Yes,No,5.5,57.3,Pass,Yes,Critical (<65%),Medium (8-16 hrs),High Risk,5.73
STU1730,18,Male,High School,15.9,90.3,70.8,28.6,78.1,No,Yes,No,6.1,69.6,Merit,Yes,Excellent (>85%),Medium (8-16 hrs),Low Risk,6.96
STU1731,18,Female,Diploma,7.5,99.5,51.4,23.6,80.5,Yes,Yes,No,5.2,59.8,Pass,Yes,Excellent (>85%),Low (<8 hrs),Moderate Risk,5.98
STU1732,20,Female,High School,8.8,87.1,68.4,36.9,90.7,No,Yes,No,7.5,70.9,Merit,Yes,Excellent (>85%),Medium (8-16 hrs),Low Risk,7.09
STU1733,20,Female,Bachelor,19.9,73.7,72.9,34.8,68.4,No,Yes,No,6.7,64.0,Pass,Yes,Moderate (65-75%),High (>16 hrs),Moderate Risk,6.4
STU1734,19,Female,Diploma,16.1,80.7,64.4,31.1,72.7,No,Yes,Yes,6.8,65.2,Merit,Yes,Good (75-85%),High (>16 hrs),Low Risk,6.52
STU1735,19,Female,Diploma,27.6,76.5,65.5,25.7,81.7,Yes,Yes,No,7.9,67.8,Merit,Yes,Good (75-85%),High (>16 hrs),Low Risk,6.78
STU1736,21,Female,Diploma,26.0,82.9,71.2,33.5,79.7,No,Yes,No,5.9,70.1,Merit,Yes,Good (75-85%),High (>16 hrs),Low Risk,7.01
STU1737,19,Male,High School,4.6,84.4,61.1,23.4,73.4,Yes,Yes,No,7.5,59.2,Pass,Yes,Good (75-85%),Low (<8 hrs),Moderate Risk,5.92
STU1738,20,Female,Master,9.6,78.3,77.5,41.1,82.6,No,Yes,No,9.2,72.7,Merit,Yes,Good (75-85%),Medium (8-16 hrs),Low Risk,7.27
STU1739,19,Male,High School,7.0,77.0,84.2,34.3,83.8,No,No,No,5.9,65.8,Merit,Yes,Good (75-85%),Low (<8 hrs),Low Risk,6.58
STU1740,19,Male,Bachelor,18.6,89.7,52.0,20.6,74.5,Yes,Yes,No,5.3,61.0,Pass,Yes,Excellent (>85%),High (>16 hrs),Moderate Risk,6.1
STU1741,19,Male,Diploma,14.8,72.1,89.7,35.2,77.7,No,Yes,No,5.6,71.9,Merit,Yes,Moderate (65-75%),Medium (8-16 hrs),Low Risk,7.19
STU1742,19,Male,Bachelor,7.3,72.8,60.8,27.7,68.8,No,Yes,Yes,7.4,60.2,Pass,Yes,Moderate (65-75%),Low (<8 hrs),Moderate Risk,6.02
STU1743,20,Female,Diploma,8.0,87.3,92.9,42.0,81.6,No,Yes,No,8.9,78.0,Merit,Yes,Excellent (>85%),Low (<8 hrs),Low Risk,7.8
STU1744,19,Female,Master,23.2,91.4,60.9,32.7,92.3,Yes,Yes,No,8.9,80.2,Distinction,Yes,Excellent (>85%),High (>16 hrs),Low Risk,8.02
STU1745,18,Female,Diploma,10.2,89.5,74.9,36.4,92.1,No,Yes,Yes,7.9,74.8,Merit,Yes,Excellent (>85%),Medium (8-16 hrs),Low Risk,7.48
STU1746,21,Male,Bachelor,3.5,84.3,74.8,30.9,74.3,No,Yes,Yes,8.0,66.5,Merit,Yes,Good (75-85%),Low (<8 hrs),Low Risk,6.65
STU1747,19,Male,Master,6.9,86.2,59.6,29.9,74.6,Yes,Yes,No,7.5,65.0,Merit,Yes,Excellent (>85%),Low (<8 hrs),Low Risk,6.5
STU1748,19,Male,Master,30.4,70.2,66.0,25.3,60.8,No,Yes,Yes,7.8,68.0,Merit,Yes,Moderate (65-75%),High (>16 hrs),Low Risk,6.8
STU1749,21,Male,Bachelor,20.8,59.3,85.2,35.8,62.7,Yes,Yes,No,7.3,75.9,Merit,Yes,Critical (<65%),High (>16 hrs),High Risk,7.59
STU1750,20,Male,Master,6.1,45.4,60.5,27.6,45.0,Yes,Yes,No,6.1,56.0,Pass,Yes,Critical (<65%),Low (<8 hrs),High Risk,5.6
STU1751,18,Male,Bachelor,14.1,88.3,59.2,22.7,80.0,No,Yes,No,8.9,60.9,Pass,Yes,Excellent (>85%),Medium (8-16 hrs),Moderate Risk,6.09
STU1752,21,Male,High School,20.2,80.8,48.9,25.7,68.0,No,Yes,No,8.5,57.3,Pass,Yes,Good (75-85%),High (>16 hrs),Moderate Risk,5.73
STU1753,20,Female,Diploma,4.6,72.3,86.9,47.1,68.7,No,Yes,No,6.1,75.4,Merit,Yes,Moderate (65-75%),Low (<8 hrs),Low Risk,7.54
STU1754,19,Female,Diploma,21.3,85.7,58.3,25.2,70.8,No,No,Yes,7.7,56.6,Pass,Yes,Excellent (>85%),High (>16 hrs),Moderate Risk,5.66
STU1755,18,Female,Diploma,16.0,64.9,81.8,34.5,72.1,Yes,Yes,Yes,8.6,71.9,Merit,Yes,Critical (<65%),Medium (8-16 hrs),Low Risk,7.19
STU1756,20,Female,Bachelor,8.5,91.5,56.6,25.0,78.2,Yes,Yes,Yes,7.5,66.6,Merit,Yes,Excellent (>85%),Medium (8-16 hrs),Low Risk,6.66
STU1757,20,Female,Bachelor,17.3,40.0,81.4,34.7,45.0,No,Yes,Yes,6.8,64.8,Pass,Yes,Critical (<65%),High (>16 hrs),High Risk,6.48
STU1758,19,Male,High School,14.9,70.5,76.3,35.3,76.8,Yes,Yes,No,8.6,68.7,Merit,Yes,Moderate (65-75%),Medium (8-16 hrs),Low Risk,6.87
STU1759,21,Female,Bachelor,15.5,97.6,61.8,23.2,93.2,No,Yes,No,7.3,67.7,Merit,Yes,Excellent (>85%),Medium (8-16 hrs),Low Risk,6.77
STU1760,20,Female,Diploma,13.9,61.7,54.7,25.7,57.6,No,Yes,Yes,6.3,60.6,Pass,Yes,Critical (<65%),Medium (8-16 hrs),Moderate Risk,6.06
STU1761,18,Male,Master,7.8,97.5,55.9,31.8,79.7,Yes,Yes,Yes,5.7,72.3,Merit,Yes,Excellent (>85%),Low (<8 hrs),Low Risk,7.23
STU1762,19,Male,Master,8.6,57.1,55.7,18.1,64.3,Yes,Yes,No,4.0,48.8,At-Risk,No,Critical (<65%),Medium (8-16 hrs),High Risk,4.88
STU1763,18,Female,Master,11.3,66.8,79.9,31.9,64.6,No,Yes,No,9.2,66.9,Merit,Yes,Moderate (65-75%),Medium (8-16 hrs),Low Risk,6.69
STU1764,20,Male,Bachelor,13.1,71.1,67.2,28.7,75.1,No,Yes,Yes,6.1,70.2,Merit,Yes,Moderate (65-75%),Medium (8-16 hrs),Low Risk,7.02
STU1765,18,Female,High School,17.8,90.2,49.4,24.1,82.0,No,Yes,No,8.1,63.3,Pass,Yes,Excellent (>85%),High (>16 hrs),Moderate Risk,6.33
STU1766,19,Female,Bachelor,30.7,73.5,61.5,30.8,68.4,No,No,Yes,6.0,59.5,Pass,Yes,Moderate (65-75%),High (>16 hrs),Moderate Risk,5.95
STU1767,20,Male,High School,14.4,53.4,63.2,31.3,56.4,No,Yes,Yes,7.2,59.6,Pass,Yes,Critical (<65%),Medium (8-16 hrs),High Risk,5.96
STU1768,21,Male,High School,17.7,94.2,35.1,12.0,90.9,Yes,Yes,Yes,7.5,59.4,Pass,Yes,Excellent (>85%),High (>16 hrs),Moderate Risk,5.94
STU1769,19,Male,Bachelor,19.7,85.4,62.2,25.6,87.8,Yes,Yes,No,5.6,64.0,Pass,Yes,Excellent (>85%),High (>16 hrs),Moderate Risk,6.4
STU1770,21,Male,High School,18.3,83.8,75.1,30.6,69.7,No,Yes,Yes,8.1,72.0,Merit,Yes,Good (75-85%),High (>16 hrs),Low Risk,7.2
STU1771,18,Male,Master,7.6,82.7,63.1,28.2,78.4,Yes,Yes,Yes,6.8,66.7,Merit,Yes,Good (75-85%),Low (<8 hrs),Low Risk,6.67
STU1772,21,Female,Master,24.2,92.8,68.6,30.9,75.6,Yes,Yes,Yes,7.6,81.8,Distinction,Yes,Excellent (>85%),High (>16 hrs),Low Risk,8.18
STU1773,18,Male,Diploma,22.4,40.0,71.8,27.5,47.4,No,No,No,8.6,53.3,Pass,Yes,Critical (<65%),High (>16 hrs),High Risk,5.33
STU1774,19,Male,Diploma,13.8,81.7,60.2,25.6,84.9,No,Yes,Yes,7.8,63.2,Pass,Yes,Good (75-85%),Medium (8-16 hrs),Moderate Risk,6.32
STU1775,20,Male,Diploma,7.9,93.1,75.2,35.9,82.4,Yes,Yes,Yes,6.9,76.3,Merit,Yes,Excellent (>85%),Low (<8 hrs),Low Risk,7.63
STU1776,18,Female,Master,13.0,74.2,85.4,36.2,80.6,No,No,Yes,9.1,67.7,Merit,Yes,Moderate (65-75%),Medium (8-16 hrs),Low Risk,6.77
STU1777,18,Male,Bachelor,5.0,68.9,43.7,19.0,70.8,No,Yes,Yes,7.0,49.7,At-Risk,No,Moderate (65-75%),Low (<8 hrs),High Risk,4.97
STU1778,20,Male,High School,25.8,79.9,60.2,33.0,84.6,Yes,No,No,7.1,65.6,Merit,Yes,Good (75-85%),High (>16 hrs),Low Risk,6.56
STU1779,20,Female,Diploma,9.1,52.6,97.6,50.0,62.0,No,Yes,Yes,6.8,75.2,Merit,Yes,Critical (<65%),Medium (8-16 hrs),High Risk,7.52
STU1780,20,Female,Diploma,11.0,67.2,67.4,22.8,59.1,Yes,No,Yes,5.7,55.7,Pass,Yes,Moderate (65-75%),Medium (8-16 hrs),Moderate Risk,5.57
STU1781,20,Male,Master,24.9,95.8,64.5,29.4,81.7,No,Yes,No,5.5,77.5,Merit,Yes,Excellent (>85%),High (>16 hrs),Low Risk,7.75
STU1782,19,Female,High School,23.4,82.7,61.4,37.8,75.8,Yes,Yes,Yes,6.4,76.1,Merit,Yes,Good (75-85%),High (>16 hrs),Low Risk,7.61
STU1783,19,Male,High School,15.2,57.6,82.8,38.9,53.7,No,Yes,Yes,5.9,66.1,Merit,Yes,Critical (<65%),Medium (8-16 hrs),High Risk,6.61
STU1784,19,Male,Master,27.7,62.5,51.9,23.4,63.6,Yes,Yes,Yes,6.7,60.7,Pass,Yes,Critical (<65%),High (>16 hrs),Moderate Risk,6.07
STU1785,18,Male,Master,7.5,86.6,78.0,39.7,80.0,No,Yes,No,7.9,76.8,Merit,Yes,Excellent (>85%),Low (<8 hrs),Low Risk,7.68
STU1786,21,Male,Bachelor,15.2,92.3,61.1,28.3,93.7,Yes,No,No,6.6,65.7,Merit,Yes,Excellent (>85%),Medium (8-16 hrs),Low Risk,6.57
STU1787,19,Female,Diploma,7.5,74.3,54.5,27.0,70.7,No,Yes,No,7.2,58.7,Pass,Yes,Moderate (65-75%),Low (<8 hrs),Moderate Risk,5.87
STU1788,19,Male,Bachelor,21.7,83.3,61.8,27.1,84.0,No,Yes,No,6.4,67.2,Merit,Yes,Good (75-85%),High (>16 hrs),Low Risk,6.72
STU1789,19,Male,Bachelor,21.3,86.9,64.4,29.7,89.7,Yes,Yes,No,9.8,73.9,Merit,Yes,Excellent (>85%),High (>16 hrs),Low Risk,7.39
STU1790,22,Female,High School,28.6,94.0,58.0,27.6,93.3,No,Yes,No,8.7,68.2,Merit,Yes,Excellent (>85%),High (>16 hrs),Low Risk,6.82
STU1791,18,Female,Bachelor,12.8,78.9,80.6,39.3,69.4,Yes,Yes,No,6.7,81.6,Distinction,Yes,Good (75-85%),Medium (8-16 hrs),Low Risk,8.16
STU1792,19,Male,High School,32.5,97.5,54.6,23.1,88.2,No,Yes,Yes,7.3,71.7,Merit,Yes,Excellent (>85%),High (>16 hrs),Low Risk,7.17
STU1793,19,Female,Diploma,7.2,89.8,67.0,28.5,79.8,Yes,No,Yes,5.5,62.1,Pass,Yes,Excellent (>85%),Low (<8 hrs),Moderate Risk,6.21
STU1794,20,Male,Master,12.5,56.4,72.5,25.9,57.5,No,Yes,No,6.8,57.4,Pass,Yes,Critical (<65%),Medium (8-16 hrs),High Risk,5.74
STU1795,18,Female,Diploma,7.3,84.6,66.8,28.7,76.4,No,Yes,No,6.3,69.0,Merit,Yes,Good (75-85%),Low (<8 hrs),Low Risk,6.9
STU1796,21,Female,Master,14.2,90.5,75.8,37.4,89.9,No,Yes,No,7.8,74.2,Merit,Yes,Excellent (>85%),Medium (8-16 hrs),Low Risk,7.42
STU1797,21,Female,High School,7.7,83.3,58.9,28.1,77.4,Yes,Yes,No,6.0,64.6,Pass,Yes,Good (75-85%),Low (<8 hrs),Moderate Risk,6.46
STU1798,19,Male,Diploma,21.7,74.6,73.7,29.7,72.7,No,Yes,No,8.8,69.4,Merit,Yes,Moderate (65-75%),High (>16 hrs),Low Risk,6.94
STU1799,20,Male,Bachelor,16.3,43.1,74.1,26.7,59.8,No,Yes,Yes,6.9,58.8,Pass,Yes,Critical (<65%),High (>16 hrs),High Risk,5.88
STU1800,21,Male,Bachelor,6.8,74.2,78.6,34.9,63.1,No,Yes,Yes,6.0,69.8,Merit,Yes,Moderate (65-75%),Low (<8 hrs),Low Risk,6.98
STU1801,20,Male,Diploma,19.3,74.6,38.6,20.6,72.0,Yes,Yes,No,7.0,53.7,Pass,Yes,Moderate (65-75%),High (>16 hrs),Moderate Risk,5.37
STU1802,18,Male,Master,26.7,83.1,72.1,30.8,83.7,No,Yes,Yes,7.8,80.7,Distinction,Yes,Good (75-85%),High (>16 hrs),Low Risk,8.07
STU1803,19,Female,High School,17.1,74.8,77.6,29.9,65.4,Yes,Yes,No,7.6,68.0,Merit,Yes,Moderate (65-75%),High (>16 hrs),Low Risk,6.8
STU1804,20,Male,Master,5.7,87.2,59.2,24.6,83.3,Yes,Yes,No,7.2,64.5,Pass,Yes,Excellent (>85%),Low (<8 hrs),Moderate Risk,6.45
STU1805,19,Male,High School,11.9,49.2,57.3,26.9,49.2,No,Yes,No,8.0,47.2,At-Risk,No,Critical (<65%),Medium (8-16 hrs),High Risk,4.72
STU1806,20,Female,Master,18.2,97.5,55.2,29.2,95.6,Yes,Yes,Yes,7.9,76.8,Merit,Yes,Excellent (>85%),High (>16 hrs),Low Risk,7.68
STU1807,21,Male,Diploma,11.3,88.2,50.6,21.9,78.3,No,Yes,No,7.9,63.1,Pass,Yes,Excellent (>85%),Medium (8-16 hrs),Moderate Risk,6.31
STU1808,21,Female,Bachelor,7.1,95.6,74.3,37.1,83.5,No,Yes,Yes,6.7,79.4,Merit,Yes,Excellent (>85%),Low (<8 hrs),Low Risk,7.94
STU1809,19,Male,Bachelor,23.0,73.9,96.9,46.9,73.7,No,Yes,Yes,6.7,88.7,Distinction,Yes,Moderate (65-75%),High (>16 hrs),Low Risk,8.87
STU1810,18,Male,High School,11.0,87.4,57.2,21.6,74.9,No,Yes,No,6.8,57.0,Pass,Yes,Excellent (>85%),Medium (8-16 hrs),Moderate Risk,5.7
STU1811,23,Male,Master,26.7,83.4,58.5,30.7,74.1,No,Yes,Yes,6.5,70.3,Merit,Yes,Good (75-85%),High (>16 hrs),Low Risk,7.03
STU1812,21,Male,High School,9.7,74.5,65.2,30.4,70.5,No,Yes,Yes,7.1,60.5,Pass,Yes,Moderate (65-75%),Medium (8-16 hrs),Moderate Risk,6.05
STU1813,18,Female,High School,10.7,68.6,42.6,14.9,65.1,No,Yes,Yes,7.0,42.2,At-Risk,No,Moderate (65-75%),Medium (8-16 hrs),High Risk,4.22
STU1814,21,Male,Bachelor,9.3,72.8,55.3,31.0,71.5,No,Yes,No,8.8,59.3,Pass,Yes,Moderate (65-75%),Medium (8-16 hrs),Moderate Risk,5.93
STU1815,21,Female,High School,11.8,77.9,64.2,28.5,76.5,Yes,No,Yes,6.4,63.9,Pass,Yes,Good (75-85%),Medium (8-16 hrs),Moderate Risk,6.39
STU1816,19,Male,High School,16.2,69.4,52.5,16.8,69.9,Yes,Yes,No,5.9,53.0,Pass,Yes,Moderate (65-75%),High (>16 hrs),Moderate Risk,5.3
STU1817,19,Male,Diploma,7.3,98.3,81.8,34.3,91.9,Yes,Yes,No,7.7,71.0,Merit,Yes,Excellent (>85%),Low (<8 hrs),Low Risk,7.1
STU1818,19,Female,Bachelor,6.6,86.4,46.9,17.8,76.6,No,No,No,7.1,44.8,At-Risk,No,Excellent (>85%),Low (<8 hrs),High Risk,4.48
STU1819,18,Male,High School,4.5,40.0,77.6,32.5,45.0,No,Yes,No,6.2,57.8,Pass,Yes,Critical (<65%),Low (<8 hrs),High Risk,5.78
STU1820,19,Female,Bachelor,4.2,71.9,85.6,37.0,75.5,Yes,Yes,Yes,7.9,68.4,Merit,Yes,Moderate (65-75%),Low (<8 hrs),Low Risk,6.84
STU1821,20,Female,Bachelor,5.7,79.8,70.3,30.7,82.9,No,No,Yes,6.7,59.3,Pass,Yes,Good (75-85%),Low (<8 hrs),Moderate Risk,5.93
STU1822,18,Female,Bachelor,9.6,74.8,63.1,27.4,67.5,No,No,Yes,8.7,55.0,Pass,Yes,Moderate (65-75%),Medium (8-16 hrs),Moderate Risk,5.5
STU1823,19,Female,Master,14.1,76.3,68.4,30.4,71.6,No,Yes,Yes,6.0,67.7,Merit,Yes,Good (75-85%),Medium (8-16 hrs),Low Risk,6.77
STU1824,19,Male,Bachelor,15.7,56.3,58.8,28.5,59.4,No,Yes,No,6.4,58.5,Pass,Yes,Critical (<65%),Medium (8-16 hrs),High Risk,5.85
STU1825,19,Male,Bachelor,13.7,83.9,36.5,13.8,79.4,Yes,Yes,Yes,7.1,55.0,Pass,Yes,Good (75-85%),Medium (8-16 hrs),Moderate Risk,5.5
STU1826,21,Male,Diploma,25.2,83.9,51.3,27.2,81.9,Yes,No,Yes,8.5,63.2,Pass,Yes,Good (75-85%),High (>16 hrs),Moderate Risk,6.32
STU1827,19,Female,High School,29.2,66.3,64.8,24.9,57.2,Yes,No,No,6.2,58.8,Pass,Yes,Moderate (65-75%),High (>16 hrs),Moderate Risk,5.88
STU1828,19,Female,Bachelor,11.0,86.7,51.8,25.5,85.1,Yes,Yes,No,7.4,67.0,Merit,Yes,Excellent (>85%),Medium (8-16 hrs),Low Risk,6.7
STU1829,20,Male,Master,7.4,76.3,59.2,32.4,64.6,Yes,Yes,No,5.7,60.7,Pass,Yes,Good (75-85%),Low (<8 hrs),Moderate Risk,6.07
STU1830,19,Female,Bachelor,33.5,90.2,71.7,31.6,82.5,No,Yes,No,8.0,80.2,Distinction,Yes,Excellent (>85%),High (>16 hrs),Low Risk,8.02
STU1831,18,Male,High School,22.6,53.3,67.0,30.8,63.9,Yes,Yes,No,6.3,68.9,Merit,Yes,Critical (<65%),High (>16 hrs),High Risk,6.89
STU1832,19,Female,Diploma,21.8,96.7,79.8,32.5,86.7,Yes,Yes,No,7.7,87.7,Distinction,Yes,Excellent (>85%),High (>16 hrs),Low Risk,8.77
STU1833,18,Male,Bachelor,9.4,61.3,69.1,29.3,55.9,Yes,Yes,Yes,7.7,60.8,Pass,Yes,Critical (<65%),Medium (8-16 hrs),Moderate Risk,6.08
STU1834,18,Female,Bachelor,19.5,70.8,69.9,36.9,79.3,No,Yes,No,5.0,64.9,Pass,Yes,Moderate (65-75%),High (>16 hrs),Moderate Risk,6.49
STU1835,19,Female,Bachelor,13.8,67.3,55.0,27.4,74.9,No,Yes,No,7.2,59.1,Pass,Yes,Moderate (65-75%),Medium (8-16 hrs),Moderate Risk,5.91
STU1836,19,Male,Bachelor,12.3,66.4,46.4,22.3,71.9,No,Yes,Yes,6.4,52.9,Pass,Yes,Moderate (65-75%),Medium (8-16 hrs),Moderate Risk,5.29
STU1837,21,Male,High School,12.3,80.7,59.2,19.9,74.7,Yes,Yes,Yes,7.5,62.8,Pass,Yes,Good (75-85%),Medium (8-16 hrs),Moderate Risk,6.28
STU1838,19,Male,Master,16.5,40.0,54.8,22.2,45.0,Yes,Yes,No,6.0,55.3,Pass,Yes,Critical (<65%),High (>16 hrs),High Risk,5.53
STU1839,19,Male,Bachelor,25.6,90.5,62.7,34.3,92.2,Yes,Yes,No,6.4,77.3,Merit,Yes,Excellent (>85%),High (>16 hrs),Low Risk,7.73
STU1840,20,Male,High School,34.9,85.1,50.1,24.0,80.2,Yes,Yes,Yes,8.3,68.9,Merit,Yes,Excellent (>85%),High (>16 hrs),Low Risk,6.89
STU1841,18,Female,Diploma,10.3,62.1,76.8,36.4,70.5,No,No,Yes,8.2,64.4,Pass,Yes,Critical (<65%),Medium (8-16 hrs),Moderate Risk,6.44
STU1842,20,Female,Master,14.2,61.8,54.8,25.3,60.1,No,Yes,No,5.9,52.8,Pass,Yes,Critical (<65%),Medium (8-16 hrs),Moderate Risk,5.28
STU1843,18,Female,Master,12.2,80.7,59.9,24.8,73.2,No,Yes,No,9.0,61.2,Pass,Yes,Good (75-85%),Medium (8-16 hrs),Moderate Risk,6.12
STU1844,22,Male,Diploma,16.0,88.1,64.7,30.3,91.4,No,Yes,Yes,4.2,65.6,Merit,Yes,Excellent (>85%),Medium (8-16 hrs),Low Risk,6.56
STU1845,18,Female,High School,11.4,73.4,80.7,31.0,71.8,No,No,Yes,7.2,58.9,Pass,Yes,Moderate (65-75%),Medium (8-16 hrs),Moderate Risk,5.89
STU1846,19,Female,High School,32.0,62.4,89.6,34.7,56.5,Yes,Yes,No,5.6,67.7,Merit,Yes,Critical (<65%),High (>16 hrs),Low Risk,6.77
STU1847,18,Male,Diploma,8.8,95.8,90.6,38.2,81.5,No,Yes,Yes,7.4,82.3,Distinction,Yes,Excellent (>85%),Medium (8-16 hrs),Low Risk,8.23
STU1848,23,Female,Bachelor,10.3,55.6,47.1,21.9,58.6,Yes,Yes,No,6.7,52.4,Pass,Yes,Critical (<65%),Medium (8-16 hrs),High Risk,5.24
STU1849,19,Female,Bachelor,9.5,82.3,59.8,21.4,68.5,No,Yes,Yes,5.9,54.4,Pass,Yes,Good (75-85%),Medium (8-16 hrs),Moderate Risk,5.44
STU1850,19,Male,Bachelor,11.9,77.9,57.1,26.1,73.8,Yes,No,Yes,6.2,62.0,Pass,Yes,Good (75-85%),Medium (8-16 hrs),Moderate Risk,6.2
STU1851,18,Male,Bachelor,6.0,96.6,70.2,28.1,86.0,No,Yes,Yes,6.1,66.9,Merit,Yes,Excellent (>85%),Low (<8 hrs),Low Risk,6.69
STU1852,20,Male,High School,9.6,76.9,69.3,28.2,79.4,No,Yes,Yes,7.1,59.6,Pass,Yes,Good (75-85%),Medium (8-16 hrs),Moderate Risk,5.96
STU1853,18,Male,High School,15.9,93.7,56.8,30.1,82.7,No,Yes,Yes,8.1,67.1,Merit,Yes,Excellent (>85%),Medium (8-16 hrs),Low Risk,6.71
STU1854,21,Female,Diploma,15.8,90.9,55.7,25.2,93.3,Yes,Yes,Yes,9.2,63.0,Pass,Yes,Excellent (>85%),Medium (8-16 hrs),Moderate Risk,6.3
STU1855,18,Female,High School,14.6,63.5,51.0,19.8,58.1,Yes,Yes,No,6.8,52.2,Pass,Yes,Critical (<65%),Medium (8-16 hrs),Moderate Risk,5.22
STU1856,18,Female,High School,24.5,77.4,30.0,14.2,76.0,Yes,No,Yes,7.3,46.1,At-Risk,No,Good (75-85%),High (>16 hrs),High Risk,4.61
STU1857,18,Male,Bachelor,16.2,72.0,46.8,15.9,62.2,No,No,No,8.3,43.8,At-Risk,No,Moderate (65-75%),High (>16 hrs),High Risk,4.38
STU1858,19,Male,Bachelor,24.1,81.8,77.1,36.0,81.9,No,Yes,Yes,6.5,78.9,Merit,Yes,Good (75-85%),High (>16 hrs),Low Risk,7.89
STU1859,19,Female,Bachelor,34.9,70.2,85.5,42.4,79.0,No,Yes,No,6.1,79.8,Merit,Yes,Moderate (65-75%),High (>16 hrs),Low Risk,7.98
STU1860,18,Female,Bachelor,19.8,56.8,83.9,40.1,66.1,Yes,Yes,Yes,9.1,69.5,Merit,Yes,Critical (<65%),High (>16 hrs),High Risk,6.95
STU1861,20,Male,Bachelor,6.0,95.7,77.7,42.5,88.1,No,Yes,Yes,6.8,77.4,Merit,Yes,Excellent (>85%),Low (<8 hrs),Low Risk,7.74
STU1862,19,Male,Bachelor,14.9,76.1,50.8,16.1,73.0,Yes,Yes,No,7.2,61.7,Pass,Yes,Good (75-85%),Medium (8-16 hrs),Moderate Risk,6.17
STU1863,19,Female,High School,13.8,92.5,48.5,22.3,91.5,Yes,Yes,No,5.2,58.7,Pass,Yes,Excellent (>85%),Medium (8-16 hrs),Moderate Risk,5.87
STU1864,19,Male,Master,26.7,63.5,39.6,13.1,73.2,Yes,Yes,No,6.4,57.1,Pass,Yes,Critical (<65%),High (>16 hrs),Moderate Risk,5.71
STU1865,19,Male,High School,12.1,92.3,56.8,25.0,94.4,No,Yes,No,9.1,58.5,Pass,Yes,Excellent (>85%),Medium (8-16 hrs),Moderate Risk,5.85
STU1866,19,Female,High School,8.2,82.3,66.2,29.8,75.5,Yes,Yes,No,7.5,69.1,Merit,Yes,Good (75-85%),Medium (8-16 hrs),Low Risk,6.91
STU1867,18,Male,Diploma,9.9,76.4,50.9,30.9,83.3,Yes,Yes,Yes,7.0,69.0,Merit,Yes,Good (75-85%),Medium (8-16 hrs),Low Risk,6.9
STU1868,18,Male,Master,6.1,85.2,71.0,31.7,72.8,No,Yes,No,8.5,66.0,Merit,Yes,Excellent (>85%),Low (<8 hrs),Low Risk,6.6
STU1869,21,Male,Master,2.0,70.8,74.1,33.1,64.6,Yes,Yes,No,5.2,63.0,Pass,Yes,Moderate (65-75%),Low (<8 hrs),Moderate Risk,6.3
STU1870,22,Male,Bachelor,32.1,93.5,58.4,29.8,77.2,No,No,No,6.5,69.0,Merit,Yes,Excellent (>85%),High (>16 hrs),Low Risk,6.9
STU1871,19,Female,Bachelor,13.0,85.8,46.2,20.6,75.5,No,Yes,No,9.5,53.5,Pass,Yes,Excellent (>85%),Medium (8-16 hrs),Moderate Risk,5.35
STU1872,19,Male,Bachelor,6.5,71.4,84.3,44.3,75.3,No,No,Yes,6.9,70.1,Merit,Yes,Moderate (65-75%),Low (<8 hrs),Low Risk,7.01
STU1873,20,Male,Master,27.9,79.2,65.5,31.8,82.5,Yes,Yes,Yes,6.9,74.9,Merit,Yes,Good (75-85%),High (>16 hrs),Low Risk,7.49
STU1874,19,Female,Bachelor,30.2,80.5,92.2,44.4,81.9,Yes,Yes,No,8.3,90.6,Distinction,Yes,Good (75-85%),High (>16 hrs),Low Risk,9.06
STU1875,18,Female,Master,14.0,77.5,66.3,23.3,76.9,No,Yes,No,8.4,70.5,Merit,Yes,Good (75-85%),Medium (8-16 hrs),Low Risk,7.05
STU1876,18,Female,Diploma,5.8,96.1,67.3,37.2,87.5,No,No,No,5.6,66.9,Merit,Yes,Excellent (>85%),Low (<8 hrs),Low Risk,6.69
STU1877,20,Male,Diploma,10.0,93.3,51.5,20.9,89.5,Yes,Yes,No,7.5,56.4,Pass,Yes,Excellent (>85%),Medium (8-16 hrs),Moderate Risk,5.64
STU1878,20,Male,Bachelor,11.4,95.3,59.1,26.6,84.5,Yes,No,Yes,8.9,63.0,Pass,Yes,Excellent (>85%),Medium (8-16 hrs),Moderate Risk,6.3
STU1879,18,Female,High School,13.2,84.8,43.2,17.2,86.2,Yes,Yes,Yes,6.3,56.6,Pass,Yes,Good (75-85%),Medium (8-16 hrs),Moderate Risk,5.66
STU1880,18,Female,Master,7.0,76.5,46.2,17.2,77.1,No,Yes,Yes,6.6,51.4,Pass,Yes,Good (75-85%),Low (<8 hrs),Moderate Risk,5.14
STU1881,18,Male,Diploma,20.6,58.7,75.4,29.7,65.0,No,Yes,No,7.0,64.5,Pass,Yes,Critical (<65%),High (>16 hrs),High Risk,6.45
STU1882,20,Male,Master,3.3,68.9,61.0,27.8,68.9,Yes,Yes,No,7.8,62.3,Pass,Yes,Moderate (65-75%),Low (<8 hrs),Moderate Risk,6.23
STU1883,18,Male,Diploma,22.2,81.0,59.1,19.7,84.4,No,No,Yes,5.4,54.0,Pass,Yes,Good (75-85%),High (>16 hrs),Moderate Risk,5.4
STU1884,18,Female,Bachelor,24.5,86.5,54.6,23.7,75.6,No,Yes,No,4.0,60.8,Pass,Yes,Excellent (>85%),High (>16 hrs),Moderate Risk,6.08
STU1885,20,Female,Diploma,10.6,73.1,59.6,30.5,68.8,No,Yes,Yes,7.2,63.2,Pass,Yes,Moderate (65-75%),Medium (8-16 hrs),Moderate Risk,6.32
STU1886,18,Male,Bachelor,12.4,87.6,80.9,38.6,86.9,Yes,Yes,Yes,8.3,75.5,Merit,Yes,Excellent (>85%),Medium (8-16 hrs),Low Risk,7.55
STU1887,20,Male,Diploma,26.1,77.2,67.0,31.7,73.9,Yes,Yes,No,6.7,72.5,Merit,Yes,Good (75-85%),High (>16 hrs),Low Risk,7.25
STU1888,18,Female,Master,17.8,75.8,48.5,18.7,80.8,Yes,Yes,Yes,6.3,62.0,Pass,Yes,Good (75-85%),High (>16 hrs),Moderate Risk,6.2
STU1889,18,Female,Bachelor,10.8,64.0,79.4,30.2,61.7,No,Yes,No,6.8,65.2,Merit,Yes,Critical (<65%),Medium (8-16 hrs),Low Risk,6.52
STU1890,18,Male,High School,11.5,92.5,89.2,43.8,82.1,No,Yes,No,8.8,78.4,Merit,Yes,Excellent (>85%),Medium (8-16 hrs),Low Risk,7.84
STU1891,20,Female,Master,16.6,72.5,71.9,30.8,78.5,No,Yes,No,6.3,67.1,Merit,Yes,Moderate (65-75%),High (>16 hrs),Low Risk,6.71
STU1892,21,Female,Diploma,30.7,81.9,77.5,34.6,76.6,Yes,Yes,Yes,7.6,77.9,Merit,Yes,Good (75-85%),High (>16 hrs),Low Risk,7.79
STU1893,21,Male,Diploma,11.6,62.5,82.1,36.3,64.1,Yes,Yes,No,5.7,74.0,Merit,Yes,Critical (<65%),Medium (8-16 hrs),Low Risk,7.4
STU1894,19,Female,High School,10.6,78.2,41.8,21.2,71.4,Yes,Yes,No,5.8,49.2,At-Risk,No,Good (75-85%),Medium (8-16 hrs),High Risk,4.92
STU1895,20,Male,Master,13.1,60.2,91.1,47.4,57.7,No,Yes,No,7.9,73.6,Merit,Yes,Critical (<65%),Medium (8-16 hrs),Low Risk,7.36
STU1896,18,Female,Diploma,13.2,90.5,80.4,41.3,86.5,Yes,Yes,No,8.8,82.4,Distinction,Yes,Excellent (>85%),Medium (8-16 hrs),Low Risk,8.24
STU1897,19,Female,High School,15.1,88.4,71.8,24.1,74.3,Yes,Yes,Yes,8.0,70.2,Merit,Yes,Excellent (>85%),Medium (8-16 hrs),Low Risk,7.02
STU1898,21,Female,Master,12.4,65.5,63.2,27.4,73.4,No,Yes,Yes,4.7,52.0,Pass,Yes,Moderate (65-75%),Medium (8-16 hrs),Moderate Risk,5.2
STU1899,18,Female,Bachelor,22.9,65.4,46.3,16.1,71.4,Yes,Yes,No,6.5,58.5,Pass,Yes,Moderate (65-75%),High (>16 hrs),Moderate Risk,5.85
STU1900,18,Male,High School,7.8,99.8,60.4,30.5,83.7,No,Yes,No,7.3,66.2,Merit,Yes,Excellent (>85%),Low (<8 hrs),Low Risk,6.62
STU1901,18,Female,Bachelor,16.0,73.8,71.3,32.1,75.5,Yes,Yes,Yes,7.1,73.1,Merit,Yes,Moderate (65-75%),Medium (8-16 hrs),Low Risk,7.31
STU1902,18,Female,Master,16.3,86.2,49.5,24.4,82.4,No,Yes,Yes,4.9,57.8,Pass,Yes,Excellent (>85%),High (>16 hrs),Moderate Risk,5.78
STU1903,18,Male,High School,8.2,89.7,64.0,27.4,76.5,No,Yes,No,5.6,63.9,Pass,Yes,Excellent (>85%),Medium (8-16 hrs),Moderate Risk,6.39
STU1904,19,Female,Bachelor,15.9,69.3,48.4,18.1,64.0,No,Yes,Yes,6.1,53.9,Pass,Yes,Moderate (65-75%),Medium (8-16 hrs),Moderate Risk,5.39
STU1905,19,Female,Bachelor,16.5,94.5,59.6,23.8,84.3,No,Yes,Yes,6.9,66.9,Merit,Yes,Excellent (>85%),High (>16 hrs),Low Risk,6.69
STU1906,21,Male,Bachelor,2.3,69.3,46.1,15.4,72.5,No,No,Yes,4.9,38.1,At-Risk,No,Moderate (65-75%),Low (<8 hrs),High Risk,3.81
STU1907,20,Female,Diploma,7.4,79.2,44.6,15.6,78.2,No,Yes,Yes,7.7,49.0,At-Risk,No,Good (75-85%),Low (<8 hrs),High Risk,4.9
STU1908,19,Female,Bachelor,27.1,79.9,69.8,26.2,76.6,No,Yes,No,6.9,69.5,Merit,Yes,Good (75-85%),High (>16 hrs),Low Risk,6.95
STU1909,19,Male,High School,9.3,73.0,56.9,22.0,76.5,No,Yes,Yes,5.9,55.5,Pass,Yes,Moderate (65-75%),Medium (8-16 hrs),Moderate Risk,5.55
STU1910,19,Female,Bachelor,6.5,95.1,58.2,22.4,91.7,Yes,Yes,Yes,7.2,67.6,Merit,Yes,Excellent (>85%),Low (<8 hrs),Low Risk,6.76
STU1911,19,Male,High School,4.1,56.8,56.1,26.6,62.1,Yes,Yes,Yes,5.4,55.7,Pass,Yes,Critical (<65%),Low (<8 hrs),High Risk,5.57
STU1912,19,Male,Diploma,7.0,77.8,98.0,45.3,80.2,Yes,Yes,Yes,6.9,84.5,Distinction,Yes,Good (75-85%),Low (<8 hrs),Low Risk,8.45
STU1913,20,Male,High School,12.2,95.9,73.5,34.5,83.8,No,Yes,No,5.0,68.8,Merit,Yes,Excellent (>85%),Medium (8-16 hrs),Low Risk,6.88
STU1914,19,Female,Bachelor,6.2,69.9,75.0,37.9,76.6,No,Yes,Yes,5.2,67.1,Merit,Yes,Moderate (65-75%),Low (<8 hrs),Low Risk,6.71
STU1915,19,Female,Diploma,17.9,89.3,54.1,24.1,84.8,No,No,No,6.5,59.3,Pass,Yes,Excellent (>85%),High (>16 hrs),Moderate Risk,5.93
STU1916,19,Male,Diploma,8.1,52.0,72.1,29.7,62.8,Yes,Yes,Yes,6.2,58.2,Pass,Yes,Critical (<65%),Medium (8-16 hrs),High Risk,5.82
STU1917,19,Male,Diploma,15.2,59.6,61.8,35.5,62.6,No,Yes,Yes,7.4,59.8,Pass,Yes,Critical (<65%),Medium (8-16 hrs),High Risk,5.98
STU1918,22,Female,Bachelor,25.2,84.4,54.0,27.5,73.4,Yes,Yes,Yes,7.0,75.0,Merit,Yes,Good (75-85%),High (>16 hrs),Low Risk,7.5
STU1919,20,Male,Diploma,24.4,64.6,92.0,41.9,66.1,No,Yes,Yes,9.3,71.7,Merit,Yes,Critical (<65%),High (>16 hrs),Low Risk,7.17
STU1920,18,Female,Bachelor,15.0,77.3,73.0,33.1,71.5,Yes,Yes,No,6.7,74.3,Merit,Yes,Good (75-85%),Medium (8-16 hrs),Low Risk,7.43
STU1921,21,Female,High School,6.7,77.9,72.3,33.5,78.5,No,Yes,No,4.0,57.9,Pass,Yes,Good (75-85%),Low (<8 hrs),Moderate Risk,5.79
STU1922,19,Male,High School,12.6,96.3,51.4,22.4,86.9,Yes,Yes,No,4.8,63.0,Pass,Yes,Excellent (>85%),Medium (8-16 hrs),Moderate Risk,6.3
STU1923,21,Female,Bachelor,15.3,75.4,47.2,21.7,79.5,Yes,Yes,Yes,5.7,58.4,Pass,Yes,Good (75-85%),Medium (8-16 hrs),Moderate Risk,5.84
STU1924,20,Male,Master,35.0,78.7,64.2,30.6,78.7,No,Yes,Yes,10.0,69.9,Merit,Yes,Good (75-85%),High (>16 hrs),Low Risk,6.99
STU1925,19,Female,High School,4.0,87.6,57.0,23.1,85.0,No,No,Yes,7.0,52.0,Pass,Yes,Excellent (>85%),Low (<8 hrs),Moderate Risk,5.2
STU1926,18,Female,High School,12.6,73.6,73.6,27.4,65.9,Yes,Yes,No,8.2,67.8,Merit,Yes,Moderate (65-75%),Medium (8-16 hrs),Low Risk,6.78
STU1927,19,Female,High School,17.6,85.6,74.5,26.3,89.6,No,Yes,Yes,8.1,69.0,Merit,Yes,Excellent (>85%),High (>16 hrs),Low Risk,6.9
STU1928,19,Male,Bachelor,13.7,96.5,65.9,32.8,94.4,Yes,Yes,Yes,5.6,78.4,Merit,Yes,Excellent (>85%),Medium (8-16 hrs),Low Risk,7.84
STU1929,20,Female,Diploma,14.5,65.1,76.6,28.9,71.4,No,Yes,Yes,5.0,61.7,Pass,Yes,Moderate (65-75%),Medium (8-16 hrs),Moderate Risk,6.17
STU1930,19,Male,Bachelor,8.4,81.6,67.7,32.1,73.7,No,No,Yes,7.7,62.1,Pass,Yes,Good (75-85%),Medium (8-16 hrs),Moderate Risk,6.21
STU1931,18,Male,High School,20.4,67.7,52.8,19.7,68.1,Yes,Yes,No,4.6,55.6,Pass,Yes,Moderate (65-75%),High (>16 hrs),Moderate Risk,5.56
STU1932,21,Male,High School,13.2,44.0,62.2,24.0,45.0,No,Yes,No,8.1,52.5,Pass,Yes,Critical (<65%),Medium (8-16 hrs),High Risk,5.25
STU1933,23,Female,Diploma,14.4,73.1,66.9,27.6,71.9,Yes,Yes,No,6.9,64.8,Pass,Yes,Moderate (65-75%),Medium (8-16 hrs),Moderate Risk,6.48
STU1934,19,Female,Bachelor,21.5,92.3,78.0,35.8,77.5,No,Yes,No,7.7,76.2,Merit,Yes,Excellent (>85%),High (>16 hrs),Low Risk,7.62
STU1935,18,Female,Bachelor,10.9,82.9,68.1,26.1,79.1,No,No,No,7.3,64.5,Pass,Yes,Good (75-85%),Medium (8-16 hrs),Moderate Risk,6.45
STU1936,19,Female,High School,23.8,55.1,57.0,23.5,61.5,No,Yes,Yes,7.4,58.1,Pass,Yes,Critical (<65%),High (>16 hrs),High Risk,5.81
STU1937,18,Male,Master,6.1,91.2,78.5,35.2,81.6,Yes,Yes,No,7.1,77.9,Merit,Yes,Excellent (>85%),Low (<8 hrs),Low Risk,7.79
STU1938,21,Female,Diploma,14.9,94.1,70.3,27.4,85.8,Yes,Yes,Yes,7.3,69.9,Merit,Yes,Excellent (>85%),Medium (8-16 hrs),Low Risk,6.99
STU1939,18,Male,Bachelor,8.1,72.8,86.6,44.0,78.5,Yes,Yes,Yes,7.1,73.9,Merit,Yes,Moderate (65-75%),Medium (8-16 hrs),Low Risk,7.39
STU1940,19,Female,Bachelor,6.9,57.0,66.2,23.8,52.1,No,Yes,No,5.5,53.0,Pass,Yes,Critical (<65%),Low (<8 hrs),High Risk,5.3
STU1941,19,Female,High School,30.5,70.4,50.5,22.0,75.1,No,Yes,No,6.6,58.5,Pass,Yes,Moderate (65-75%),High (>16 hrs),Moderate Risk,5.85
STU1942,19,Female,Bachelor,6.3,88.8,81.5,41.1,75.6,No,Yes,No,9.4,69.8,Merit,Yes,Excellent (>85%),Low (<8 hrs),Low Risk,6.98
STU1943,20,Female,Bachelor,13.3,70.2,56.9,21.0,59.9,No,Yes,No,7.3,57.9,Pass,Yes,Moderate (65-75%),Medium (8-16 hrs),Moderate Risk,5.79
STU1944,21,Male,Diploma,6.0,86.9,69.1,30.7,74.5,Yes,Yes,Yes,8.3,72.8,Merit,Yes,Excellent (>85%),Low (<8 hrs),Low Risk,7.28
STU1945,18,Male,Bachelor,23.1,91.8,67.6,30.9,89.6,Yes,Yes,Yes,5.9,80.4,Distinction,Yes,Excellent (>85%),High (>16 hrs),Low Risk,8.04
STU1946,18,Female,High School,10.4,87.5,65.6,26.7,79.4,Yes,Yes,Yes,5.9,64.9,Pass,Yes,Excellent (>85%),Medium (8-16 hrs),Moderate Risk,6.49
STU1947,18,Male,Bachelor,21.4,82.6,62.6,27.9,85.3,Yes,No,No,5.7,68.5,Merit,Yes,Good (75-85%),High (>16 hrs),Low Risk,6.85
STU1948,21,Male,Diploma,17.3,87.9,41.9,20.8,82.0,Yes,Yes,No,5.5,58.8,Pass,Yes,Excellent (>85%),High (>16 hrs),Moderate Risk,5.88
STU1949,21,Male,Bachelor,35.0,56.0,51.0,21.3,49.6,No,Yes,Yes,5.2,47.8,At-Risk,No,Critical (<65%),High (>16 hrs),High Risk,4.78
STU1950,19,Female,High School,5.3,55.3,80.7,39.0,63.0,Yes,Yes,Yes,7.3,67.6,Merit,Yes,Critical (<65%),Low (<8 hrs),High Risk,6.76
STU1951,20,Male,High School,7.4,74.6,71.0,33.3,64.4,Yes,No,No,6.6,66.1,Merit,Yes,Moderate (65-75%),Low (<8 hrs),Low Risk,6.61
STU1952,20,Male,High School,20.8,80.4,91.7,39.2,82.1,No,Yes,No,8.0,78.5,Merit,Yes,Good (75-85%),High (>16 hrs),Low Risk,7.85
STU1953,18,Female,High School,15.2,81.6,50.5,26.7,70.5,Yes,Yes,No,6.7,64.8,Pass,Yes,Good (75-85%),Medium (8-16 hrs),Moderate Risk,6.48
STU1954,21,Female,Diploma,11.4,87.6,64.6,26.5,78.2,No,Yes,Yes,4.4,57.1,Pass,Yes,Excellent (>85%),Medium (8-16 hrs),Moderate Risk,5.71
STU1955,19,Male,High School,32.1,79.6,81.3,39.6,80.9,Yes,Yes,No,7.5,86.0,Distinction,Yes,Good (75-85%),High (>16 hrs),Low Risk,8.6
STU1956,19,Male,Bachelor,12.8,55.2,57.1,23.2,67.7,No,Yes,No,4.8,48.8,At-Risk,No,Critical (<65%),Medium (8-16 hrs),High Risk,4.88
STU1957,19,Male,High School,8.3,88.1,58.2,25.1,79.1,No,No,Yes,7.2,59.8,Pass,Yes,Excellent (>85%),Medium (8-16 hrs),Moderate Risk,5.98
STU1958,18,Male,Bachelor,21.5,74.2,60.9,26.8,78.5,Yes,Yes,No,6.2,67.2,Merit,Yes,Moderate (65-75%),High (>16 hrs),Low Risk,6.72
STU1959,18,Male,Bachelor,13.1,73.6,58.8,27.6,65.3,No,Yes,No,7.3,58.7,Pass,Yes,Moderate (65-75%),Medium (8-16 hrs),Moderate Risk,5.87
STU1960,20,Female,Master,13.6,51.6,72.4,24.1,62.3,No,No,Yes,5.4,54.3,Pass,Yes,Critical (<65%),Medium (8-16 hrs),High Risk,5.43
STU1961,18,Female,Master,18.1,64.8,40.1,19.6,68.5,No,Yes,No,7.9,50.5,Pass,Yes,Critical (<65%),High (>16 hrs),Moderate Risk,5.05
STU1962,20,Female,Bachelor,18.4,68.1,88.0,39.2,61.5,Yes,Yes,No,7.0,79.1,Merit,Yes,Moderate (65-75%),High (>16 hrs),Low Risk,7.91
STU1963,18,Male,Bachelor,7.3,59.0,51.6,24.2,57.4,No,No,No,6.6,44.8,At-Risk,No,Critical (<65%),Low (<8 hrs),High Risk,4.48
STU1964,19,Female,Diploma,11.0,59.4,35.4,17.7,54.2,No,Yes,Yes,5.1,41.5,At-Risk,No,Critical (<65%),Medium (8-16 hrs),High Risk,4.15
STU1965,19,Male,Bachelor,5.7,88.7,64.9,30.6,79.7,No,Yes,No,9.0,69.1,Merit,Yes,Excellent (>85%),Low (<8 hrs),Low Risk,6.91
STU1966,19,Female,Master,15.3,82.8,59.7,19.8,72.0,Yes,Yes,Yes,6.0,62.2,Pass,Yes,Good (75-85%),Medium (8-16 hrs),Moderate Risk,6.22
STU1967,20,Female,High School,30.2,69.5,62.5,24.4,71.5,Yes,Yes,No,7.3,69.0,Merit,Yes,Moderate (65-75%),High (>16 hrs),Low Risk,6.9
STU1968,19,Male,Bachelor,7.5,69.2,69.4,32.4,78.3,Yes,Yes,No,6.0,69.4,Merit,Yes,Moderate (65-75%),Low (<8 hrs),Low Risk,6.94
STU1969,19,Female,High School,5.0,86.5,74.0,34.0,70.8,Yes,Yes,Yes,10.0,66.0,Merit,Yes,Excellent (>85%),Low (<8 hrs),Low Risk,6.6
STU1970,19,Male,Bachelor,9.0,67.4,88.6,37.1,68.0,Yes,Yes,Yes,7.2,79.2,Merit,Yes,Moderate (65-75%),Medium (8-16 hrs),Low Risk,7.92
STU1971,20,Female,Diploma,11.3,81.0,55.3,27.5,78.2,Yes,Yes,No,6.3,68.2,Merit,Yes,Good (75-85%),Medium (8-16 hrs),Low Risk,6.82
STU1972,21,Male,Bachelor,18.5,90.4,75.8,33.2,91.6,Yes,Yes,Yes,7.7,76.3,Merit,Yes,Excellent (>85%),High (>16 hrs),Low Risk,7.63
STU1973,20,Male,Bachelor,10.7,94.3,74.9,36.8,86.1,Yes,Yes,No,7.8,81.7,Distinction,Yes,Excellent (>85%),Medium (8-16 hrs),Low Risk,8.17
STU1974,18,Female,Master,15.5,65.6,30.0,17.7,66.8,No,Yes,No,7.4,49.0,At-Risk,No,Moderate (65-75%),Medium (8-16 hrs),High Risk,4.9
STU1975,18,Male,Bachelor,9.8,71.6,53.3,25.0,69.6,Yes,No,No,6.6,56.0,Pass,Yes,Moderate (65-75%),Medium (8-16 hrs),Moderate Risk,5.6
STU1976,19,Female,Bachelor,11.6,86.5,47.0,23.1,75.9,Yes,Yes,No,7.5,60.4,Pass,Yes,Excellent (>85%),Medium (8-16 hrs),Moderate Risk,6.04
STU1977,19,Male,Diploma,8.1,88.4,71.3,30.0,73.0,Yes,Yes,Yes,6.8,65.0,Merit,Yes,Excellent (>85%),Medium (8-16 hrs),Low Risk,6.5
STU1978,18,Female,Diploma,6.7,77.9,69.7,34.5,72.7,No,Yes,Yes,7.0,66.0,Merit,Yes,Good (75-85%),Low (<8 hrs),Low Risk,6.6
STU1979,19,Female,Diploma,18.8,49.3,70.0,32.3,45.6,No,Yes,No,6.1,61.4,Pass,Yes,Critical (<65%),High (>16 hrs),High Risk,6.14
STU1980,19,Male,High School,10.2,76.1,60.7,26.3,74.3,No,Yes,No,5.4,60.4,Pass,Yes,Good (75-85%),Medium (8-16 hrs),Moderate Risk,6.04
STU1981,19,Male,Diploma,16.1,68.1,62.1,23.7,63.8,Yes,No,Yes,7.6,55.0,Pass,Yes,Moderate (65-75%),High (>16 hrs),Moderate Risk,5.5
STU1982,20,Male,Bachelor,8.1,89.1,64.6,27.4,83.0,No,Yes,No,7.7,59.8,Pass,Yes,Excellent (>85%),Medium (8-16 hrs),Moderate Risk,5.98
STU1983,18,Male,Bachelor,12.9,94.8,59.4,22.8,79.0,No,Yes,No,8.4,59.7,Pass,Yes,Excellent (>85%),Medium (8-16 hrs),Moderate Risk,5.97
STU1984,18,Male,Bachelor,3.3,74.1,75.9,36.8,80.5,Yes,Yes,Yes,7.1,76.1,Merit,Yes,Moderate (65-75%),Low (<8 hrs),Low Risk,7.61
STU1985,20,Female,Diploma,10.6,72.2,50.0,26.8,78.4,No,Yes,No,6.8,55.0,Pass,Yes,Moderate (65-75%),Medium (8-16 hrs),Moderate Risk,5.5
STU1986,19,Female,Diploma,8.5,80.1,54.1,27.6,69.9,No,Yes,No,5.4,57.7,Pass,Yes,Good (75-85%),Medium (8-16 hrs),Moderate Risk,5.77
STU1987,20,Female,Bachelor,22.6,88.8,66.7,38.7,79.0,No,Yes,Yes,7.0,75.8,Merit,Yes,Excellent (>85%),High (>16 hrs),Low Risk,7.58
STU1988,19,Female,High School,6.1,75.2,59.8,25.3,74.9,No,Yes,Yes,7.4,53.6,Pass,Yes,Good (75-85%),Low (<8 hrs),Moderate Risk,5.36
STU1989,18,Female,High School,11.9,93.2,49.5,24.4,77.2,No,Yes,No,5.0,60.5,Pass,Yes,Excellent (>85%),Medium (8-16 hrs),Moderate Risk,6.05
STU1990,20,Female,High School,15.2,64.4,72.4,28.4,62.2,Yes,Yes,No,8.2,69.2,Merit,Yes,Critical (<65%),Medium (8-16 hrs),Low Risk,6.92
STU1991,20,Male,High School,21.0,80.6,57.0,25.0,71.4,No,Yes,Yes,6.2,61.1,Pass,Yes,Good (75-85%),High (>16 hrs),Moderate Risk,6.11
STU1992,20,Female,High School,19.6,92.6,53.2,18.8,93.1,Yes,Yes,Yes,6.8,67.5,Merit,Yes,Excellent (>85%),High (>16 hrs),Low Risk,6.75
STU1993,19,Female,High School,12.4,77.5,62.6,30.2,81.3,No,Yes,Yes,7.7,63.4,Pass,Yes,Good (75-85%),Medium (8-16 hrs),Moderate Risk,6.34
STU1994,19,Female,High School,13.3,77.2,52.5,22.4,75.6,Yes,Yes,No,7.0,60.8,Pass,Yes,Good (75-85%),Medium (8-16 hrs),Moderate Risk,6.08
STU1995,19,Male,Bachelor,22.6,59.5,64.5,21.8,62.1,No,Yes,Yes,8.5,64.5,Pass,Yes,Critical (<65%),High (>16 hrs),High Risk,6.45
STU1996,18,Male,High School,12.3,90.0,60.0,24.6,91.6,Yes,Yes,Yes,7.7,61.7,Pass,Yes,Excellent (>85%),Medium (8-16 hrs),Moderate Risk,6.17
STU1997,21,Male,Diploma,14.1,87.3,57.8,32.3,89.8,Yes,Yes,No,6.8,69.0,Merit,Yes,Excellent (>85%),Medium (8-16 hrs),Low Risk,6.9
STU1998,18,Female,Master,23.0,73.3,57.9,27.5,80.7,Yes,Yes,No,4.0,64.8,Pass,Yes,Moderate (65-75%),High (>16 hrs),Moderate Risk,6.48
STU1999,22,Female,Bachelor,35.0,98.7,78.9,38.2,81.6,Yes,Yes,No,8.1,90.0,Distinction,Yes,Excellent (>85%),High (>16 hrs),Low Risk,9.0
STU2000,19,Male,Diploma,14.7,85.4,70.2,32.0,73.0,No,Yes,Yes,5.7,64.6,Pass,Yes,Excellent (>85%),Medium (8-16 hrs),Moderate Risk,6.46
STU2001,18,Female,Master,16.8,77.8,41.1,17.9,78.0,Yes,Yes,Yes,7.9,60.7,Pass,Yes,Good (75-85%),High (>16 hrs),Moderate Risk,6.07
STU2002,19,Male,Diploma,19.3,80.5,77.4,34.9,77.2,No,No,Yes,7.5,64.9,Pass,Yes,Good (75-85%),High (>16 hrs),Moderate Risk,6.49
STU2003,21,Male,High School,22.9,85.2,72.2,33.3,70.0,Yes,No,No,6.8,66.9,Merit,Yes,Excellent (>85%),High (>16 hrs),Low Risk,6.69
STU2004,20,Male,Master,21.3,71.4,71.4,28.3,61.2,Yes,Yes,No,8.0,70.1,Merit,Yes,Moderate (65-75%),High (>16 hrs),Low Risk,7.01
STU2005,20,Female,Bachelor,9.4,59.2,77.4,37.5,69.2,Yes,Yes,Yes,7.6,76.0,Merit,Yes,Critical (<65%),Medium (8-16 hrs),High Risk,7.6
STU2006,20,Female,Diploma,15.2,89.4,65.2,33.3,90.0,Yes,Yes,Yes,7.4,81.1,Distinction,Yes,Excellent (>85%),Medium (8-16 hrs),Low Risk,8.11
STU2007,20,Male,Bachelor,21.4,78.4,73.7,32.5,72.0,No,Yes,No,5.1,68.4,Merit,Yes,Good (75-85%),High (>16 hrs),Low Risk,6.84
STU2008,21,Female,Bachelor,25.2,66.8,58.5,24.5,74.6,No,Yes,No,7.0,61.6,Pass,Yes,Moderate (65-75%),High (>16 hrs),Moderate Risk,6.16
STU2009,18,Male,High School,11.9,76.8,76.9,32.0,75.6,Yes,No,No,5.6,66.7,Merit,Yes,Good (75-85%),Medium (8-16 hrs),Low Risk,6.67
STU2010,19,Female,High School,15.0,61.2,68.1,36.8,69.0,No,Yes,No,5.8,65.7,Merit,Yes,Critical (<65%),Medium (8-16 hrs),Low Risk,6.57
STU2011,18,Female,Diploma,15.9,90.5,45.7,19.0,81.9,Yes,Yes,No,6.6,64.8,Pass,Yes,Excellent (>85%),Medium (8-16 hrs),Moderate Risk,6.48
STU2012,23,Female,Master,13.1,91.7,79.5,38.1,76.5,Yes,Yes,No,8.6,77.0,Merit,Yes,Excellent (>85%),Medium (8-16 hrs),Low Risk,7.7
STU2013,22,Male,High School,14.8,86.9,63.2,27.8,79.5,No,Yes,No,7.4,68.2,Merit,Yes,Excellent (>85%),Medium (8-16 hrs),Low Risk,6.82
STU2014,18,Female,Bachelor,3.2,68.5,61.2,26.7,67.1,Yes,Yes,No,7.5,55.4,Pass,Yes,Moderate (65-75%),Low (<8 hrs),Moderate Risk,5.54
STU2015,20,Female,High School,35.0,73.5,58.8,23.8,72.5,No,Yes,No,7.8,63.6,Pass,Yes,Moderate (65-75%),High (>16 hrs),Moderate Risk,6.36
STU2016,21,Male,Diploma,11.7,89.3,59.8,23.5,74.6,No,Yes,No,6.0,60.9,Pass,Yes,Excellent (>85%),Medium (8-16 hrs),Moderate Risk,6.09
STU2017,18,Female,Bachelor,12.1,87.5,68.2,33.3,91.1,No,Yes,Yes,5.3,67.2,Merit,Yes,Excellent (>85%),Medium (8-16 hrs),Low Risk,6.72
STU2018,19,Male,Bachelor,4.7,96.6,51.2,19.6,82.5,No,Yes,Yes,5.1,52.6,Pass,Yes,Excellent (>85%),Low (<8 hrs),Moderate Risk,5.26
STU2019,21,Female,High School,4.2,80.2,43.0,21.0,70.1,Yes,Yes,No,7.3,53.6,Pass,Yes,Good (75-85%),Low (<8 hrs),Moderate Risk,5.36
STU2020,18,Male,Diploma,16.5,77.3,50.1,22.9,74.6,Yes,No,No,8.1,56.3,Pass,Yes,Good (75-85%),High (>16 hrs),Moderate Risk,5.63
STU2021,20,Female,Bachelor,21.4,87.1,70.3,34.3,81.7,Yes,Yes,No,8.0,72.9,Merit,Yes,Excellent (>85%),High (>16 hrs),Low Risk,7.29
STU2022,19,Female,High School,19.5,85.3,62.7,26.1,78.5,Yes,Yes,Yes,6.1,70.0,Merit,Yes,Excellent (>85%),High (>16 hrs),Low Risk,7.0
STU2023,21,Male,High School,8.0,90.3,80.6,40.1,88.6,No,Yes,No,8.5,77.3,Merit,Yes,Excellent (>85%),Low (<8 hrs),Low Risk,7.73
STU2024,22,Male,Bachelor,18.9,67.6,64.1,28.4,67.7,No,Yes,Yes,9.2,62.8,Pass,Yes,Moderate (65-75%),High (>16 hrs),Moderate Risk,6.28
STU2025,22,Male,Bachelor,12.0,90.9,76.8,43.6,85.8,No,Yes,No,7.7,84.0,Distinction,Yes,Excellent (>85%),Medium (8-16 hrs),Low Risk,8.4
STU2026,19,Male,High School,10.5,40.0,55.3,19.2,52.5,No,Yes,Yes,8.6,46.1,At-Risk,No,Critical (<65%),Medium (8-16 hrs),High Risk,4.61
STU2027,21,Male,Bachelor,5.8,79.4,58.9,35.0,66.1,Yes,Yes,Yes,8.0,70.6,Merit,Yes,Good (75-85%),Low (<8 hrs),Low Risk,7.06
STU2028,21,Female,Master,8.6,87.3,65.1,28.9,82.5,No,Yes,Yes,6.7,66.4,Merit,Yes,Excellent (>85%),Medium (8-16 hrs),Low Risk,6.64
STU2029,19,Male,High School,16.7,70.1,62.9,29.1,76.8,No,Yes,No,6.3,57.9,Pass,Yes,Moderate (65-75%),High (>16 hrs),Moderate Risk,5.79
STU2030,21,Male,Bachelor,15.1,72.0,61.6,25.6,60.7,No,Yes,Yes,5.2,58.5,Pass,Yes,Moderate (65-75%),Medium (8-16 hrs),Moderate Risk,5.85
STU2031,18,Female,High School,14.0,93.6,52.8,18.3,83.6,Yes,No,Yes,6.5,59.3,Pass,Yes,Excellent (>85%),Medium (8-16 hrs),Moderate Risk,5.93
STU2032,19,Male,High School,3.1,63.1,42.8,17.4,72.7,No,No,Yes,6.7,39.6,At-Risk,No,Critical (<65%),Low (<8 hrs),High Risk,3.96
STU2033,18,Female,High School,14.1,80.4,73.8,31.9,73.3,Yes,No,Yes,6.8,66.4,Merit,Yes,Good (75-85%),Medium (8-16 hrs),Low Risk,6.64
STU2034,18,Female,Diploma,9.3,64.5,72.3,33.2,64.3,No,Yes,No,6.9,64.2,Pass,Yes,Critical (<65%),Medium (8-16 hrs),Moderate Risk,6.42
STU2035,18,Female,Bachelor,15.2,79.8,56.4,29.3,85.5,No,No,Yes,4.5,54.1,Pass,Yes,Good (75-85%),Medium (8-16 hrs),Moderate Risk,5.41
STU2036,20,Female,Diploma,23.2,74.6,70.3,32.3,66.2,No,Yes,Yes,7.9,70.1,Merit,Yes,Moderate (65-75%),High (>16 hrs),Low Risk,7.01
STU2037,19,Female,Bachelor,10.1,96.7,62.7,28.9,79.0,No,Yes,No,8.0,64.0,Pass,Yes,Excellent (>85%),Medium (8-16 hrs),Moderate Risk,6.4
STU2038,20,Male,Diploma,13.5,71.4,80.5,37.6,77.2,No,Yes,No,7.4,68.8,Merit,Yes,Moderate (65-75%),Medium (8-16 hrs),Low Risk,6.88
STU2039,18,Male,High School,32.0,60.9,46.6,14.8,70.0,Yes,Yes,No,5.7,52.8,Pass,Yes,Critical (<65%),High (>16 hrs),Moderate Risk,5.28
STU2040,19,Male,Diploma,14.8,85.1,63.2,22.6,79.0,No,Yes,No,7.4,68.7,Merit,Yes,Excellent (>85%),Medium (8-16 hrs),Low Risk,6.87
STU2041,19,Female,Bachelor,12.7,78.9,62.1,22.7,75.5,No,Yes,No,7.0,60.7,Pass,Yes,Good (75-85%),Medium (8-16 hrs),Moderate Risk,6.07
STU2042,20,Male,Bachelor,8.1,73.7,67.3,29.0,78.3,No,Yes,Yes,7.5,66.4,Merit,Yes,Moderate (65-75%),Medium (8-16 hrs),Low Risk,6.64
STU2043,19,Female,Bachelor,19.2,72.6,86.5,32.4,75.6,No,Yes,No,8.7,70.1,Merit,Yes,Moderate (65-75%),High (>16 hrs),Low Risk,7.01
STU2044,20,Female,Diploma,7.3,82.3,63.3,26.1,72.9,No,Yes,No,6.8,59.6,Pass,Yes,Good (75-85%),Low (<8 hrs),Moderate Risk,5.96
STU2045,21,Female,Bachelor,23.7,68.6,75.4,29.1,58.4,No,Yes,No,7.2,69.6,Merit,Yes,Moderate (65-75%),High (>16 hrs),Low Risk,6.96
STU2046,20,Female,High School,17.8,86.3,62.9,30.0,80.0,Yes,Yes,No,6.0,74.5,Merit,Yes,Excellent (>85%),High (>16 hrs),Low Risk,7.45
STU2047,18,Male,Bachelor,9.5,84.7,80.0,37.5,86.5,Yes,Yes,No,8.0,75.8,Merit,Yes,Good (75-85%),Medium (8-16 hrs),Low Risk,7.58
STU2048,18,Female,Master,8.3,84.9,75.5,32.9,87.3,No,No,Yes,7.8,65.4,Merit,Yes,Good (75-85%),Medium (8-16 hrs),Low Risk,6.54
STU2049,21,Female,High School,8.4,72.8,60.3,20.5,80.1,No,Yes,Yes,7.2,52.6,Pass,Yes,Moderate (65-75%),Medium (8-16 hrs),Moderate Risk,5.26
STU2050,18,Male,Diploma,4.2,80.0,59.3,25.9,83.6,No,Yes,No,5.8,57.9,Pass,Yes,Good (75-85%),Low (<8 hrs),Moderate Risk,5.79
STU2051,21,Male,Bachelor,16.3,75.6,71.8,33.5,74.5,No,Yes,No,6.2,66.2,Merit,Yes,Good (75-85%),High (>16 hrs),Low Risk,6.62
STU2052,19,Female,Bachelor,3.3,84.8,55.8,27.9,78.3,No,Yes,Yes,5.0,50.7,Pass,Yes,Good (75-85%),Low (<8 hrs),Moderate Risk,5.07
STU2053,21,Female,High School,12.3,40.5,67.7,36.6,53.8,Yes,Yes,No,6.2,62.5,Pass,Yes,Critical (<65%),Medium (8-16 hrs),High Risk,6.25
STU2054,20,Female,Master,11.9,79.0,60.0,30.9,80.1,No,Yes,No,7.8,67.3,Merit,Yes,Good (75-85%),Medium (8-16 hrs),Low Risk,6.73
STU2055,23,Female,Bachelor,10.8,75.6,70.2,32.2,73.7,Yes,No,Yes,7.4,61.8,Pass,Yes,Good (75-85%),Medium (8-16 hrs),Moderate Risk,6.18
STU2056,19,Female,High School,16.2,67.4,62.7,27.2,58.9,No,Yes,No,7.2,57.0,Pass,Yes,Moderate (65-75%),High (>16 hrs),Moderate Risk,5.7
STU2057,20,Male,High School,9.5,93.1,55.3,22.3,93.7,No,Yes,No,8.6,59.7,Pass,Yes,Excellent (>85%),Medium (8-16 hrs),Moderate Risk,5.97
STU2058,19,Male,Bachelor,14.1,70.2,80.5,41.0,68.3,No,Yes,Yes,7.3,78.4,Merit,Yes,Moderate (65-75%),Medium (8-16 hrs),Low Risk,7.84
STU2059,19,Male,High School,23.7,73.4,68.4,31.4,68.6,No,Yes,No,6.4,58.9,Pass,Yes,Moderate (65-75%),High (>16 hrs),Moderate Risk,5.89
STU2060,20,Male,High School,17.2,74.9,64.2,31.1,75.0,No,Yes,Yes,6.2,66.0,Merit,Yes,Moderate (65-75%),High (>16 hrs),Low Risk,6.6
STU2061,21,Female,Bachelor,10.3,86.1,70.9,29.8,83.7,No,Yes,No,6.7,69.9,Merit,Yes,Excellent (>85%),Medium (8-16 hrs),Low Risk,6.99
STU2062,23,Female,Bachelor,12.9,85.7,41.6,14.4,74.2,No,Yes,Yes,6.5,49.6,At-Risk,No,Excellent (>85%),Medium (8-16 hrs),High Risk,4.96
STU2063,20,Female,Bachelor,10.8,72.8,94.3,41.0,77.7,Yes,Yes,No,8.0,79.7,Merit,Yes,Moderate (65-75%),Medium (8-16 hrs),Low Risk,7.97
STU2064,19,Male,Diploma,11.8,77.2,65.3,28.3,69.8,No,Yes,Yes,7.5,63.2,Pass,Yes,Good (75-85%),Medium (8-16 hrs),Moderate Risk,6.32
STU2065,19,Female,Bachelor,14.3,93.2,37.5,17.5,79.0,No,Yes,Yes,6.6,54.5,Pass,Yes,Excellent (>85%),Medium (8-16 hrs),Moderate Risk,5.45
STU2066,20,Female,Master,5.6,83.8,81.8,34.2,76.8,No,Yes,No,6.7,76.6,Merit,Yes,Good (75-85%),Low (<8 hrs),Low Risk,7.66
STU2067,18,Female,High School,4.8,75.1,54.5,24.6,77.2,No,Yes,Yes,7.8,54.7,Pass,Yes,Good (75-85%),Low (<8 hrs),Moderate Risk,5.47
STU2068,18,Female,Bachelor,7.7,77.7,79.6,39.9,83.7,Yes,Yes,No,8.1,79.1,Merit,Yes,Good (75-85%),Low (<8 hrs),Low Risk,7.91
STU2069,19,Male,Master,16.6,84.0,66.7,24.2,85.0,Yes,Yes,No,5.0,67.0,Merit,Yes,Good (75-85%),High (>16 hrs),Low Risk,6.7
STU2070,19,Male,Bachelor,17.7,68.2,43.0,12.0,76.5,No,Yes,No,6.8,51.3,Pass,Yes,Moderate (65-75%),High (>16 hrs),Moderate Risk,5.13
STU2071,19,Male,Bachelor,19.1,74.3,68.7,35.3,64.8,Yes,Yes,No,7.1,70.5,Merit,Yes,Moderate (65-75%),High (>16 hrs),Low Risk,7.05
STU2072,18,Male,High School,7.9,49.8,67.6,25.3,46.3,No,Yes,Yes,7.6,52.6,Pass,Yes,Critical (<65%),Low (<8 hrs),High Risk,5.26
STU2073,18,Male,Bachelor,13.5,71.2,81.1,35.2,71.0,Yes,Yes,Yes,7.1,74.0,Merit,Yes,Moderate (65-75%),Medium (8-16 hrs),Low Risk,7.4
STU2074,18,Female,Bachelor,10.4,95.1,72.3,34.7,82.4,No,Yes,No,7.4,70.4,Merit,Yes,Excellent (>85%),Medium (8-16 hrs),Low Risk,7.04
STU2075,23,Female,Bachelor,12.0,60.2,47.6,21.2,68.7,Yes,Yes,No,6.7,57.4,Pass,Yes,Critical (<65%),Medium (8-16 hrs),Moderate Risk,5.74
STU2076,19,Female,Master,10.3,40.0,79.0,35.3,51.4,No,Yes,Yes,6.1,56.1,Pass,Yes,Critical (<65%),Medium (8-16 hrs),High Risk,5.61
STU2077,19,Female,High School,14.7,57.2,59.2,26.9,69.5,Yes,Yes,No,7.9,63.7,Pass,Yes,Critical (<65%),Medium (8-16 hrs),High Risk,6.37
STU2078,20,Male,High School,8.8,60.9,89.1,48.9,57.7,Yes,Yes,No,7.9,70.6,Merit,Yes,Critical (<65%),Medium (8-16 hrs),Low Risk,7.06
STU2079,18,Female,High School,22.4,77.3,60.0,33.2,73.8,Yes,Yes,No,7.7,69.8,Merit,Yes,Good (75-85%),High (>16 hrs),Low Risk,6.98
STU2080,22,Male,Bachelor,22.5,52.6,62.0,25.5,56.8,No,Yes,No,7.9,61.4,Pass,Yes,Critical (<65%),High (>16 hrs),High Risk,6.14
STU2081,20,Male,High School,16.3,59.4,53.5,27.8,56.4,No,Yes,No,5.9,51.5,Pass,Yes,Critical (<65%),High (>16 hrs),High Risk,5.15
STU2082,18,Male,Bachelor,21.1,88.5,58.0,27.9,83.8,Yes,Yes,No,6.4,72.3,Merit,Yes,Excellent (>85%),High (>16 hrs),Low Risk,7.23
STU2083,19,Male,Diploma,5.5,87.1,54.3,24.4,79.8,No,Yes,No,8.2,58.6,Pass,Yes,Excellent (>85%),Low (<8 hrs),Moderate Risk,5.86
STU2084,21,Male,Diploma,23.0,72.1,81.5,33.5,69.4,No,Yes,Yes,7.4,73.2,Merit,Yes,Moderate (65-75%),High (>16 hrs),Low Risk,7.32
STU2085,22,Male,High School,15.6,55.0,46.4,22.5,55.8,No,Yes,No,7.1,48.1,At-Risk,No,Critical (<65%),Medium (8-16 hrs),High Risk,4.81
STU2086,19,Male,Bachelor,9.1,82.7,76.3,33.3,68.2,No,Yes,No,6.7,67.5,Merit,Yes,Good (75-85%),Medium (8-16 hrs),Low Risk,6.75
STU2087,20,Female,Bachelor,8.6,91.6,76.6,33.1,84.6,No,Yes,No,8.4,67.0,Merit,Yes,Excellent (>85%),Medium (8-16 hrs),Low Risk,6.7
STU2088,18,Male,Master,26.9,92.2,84.3,35.3,81.2,No,Yes,No,5.1,77.5,Merit,Yes,Excellent (>85%),High (>16 hrs),Low Risk,7.75
STU2089,23,Male,Bachelor,19.2,77.6,65.6,33.0,64.3,No,Yes,Yes,7.3,70.7,Merit,Yes,Good (75-85%),High (>16 hrs),Low Risk,7.07
STU2090,18,Male,High School,11.9,86.6,50.6,20.1,76.8,Yes,No,No,6.9,53.4,Pass,Yes,Excellent (>85%),Medium (8-16 hrs),Moderate Risk,5.34
STU2091,22,Female,High School,5.4,69.0,62.6,25.5,63.9,No,Yes,No,5.6,53.9,Pass,Yes,Moderate (65-75%),Low (<8 hrs),Moderate Risk,5.39
STU2092,20,Male,Master,23.6,68.7,73.3,35.7,66.0,No,No,Yes,8.8,72.6,Merit,Yes,Moderate (65-75%),High (>16 hrs),Low Risk,7.26
STU2093,20,Male,Bachelor,6.8,87.9,66.2,29.3,74.2,No,Yes,Yes,4.0,59.7,Pass,Yes,Excellent (>85%),Low (<8 hrs),Moderate Risk,5.97
STU2094,19,Male,High School,10.5,86.9,70.1,31.1,81.0,No,Yes,No,7.1,67.9,Merit,Yes,Excellent (>85%),Medium (8-16 hrs),Low Risk,6.79
STU2095,18,Male,Bachelor,11.8,74.5,84.1,41.5,76.0,No,Yes,Yes,7.6,76.8,Merit,Yes,Moderate (65-75%),Medium (8-16 hrs),Low Risk,7.68
STU2096,18,Male,Diploma,8.6,58.2,73.1,37.5,63.3,Yes,Yes,Yes,5.9,66.7,Merit,Yes,Critical (<65%),Medium (8-16 hrs),High Risk,6.67
STU2097,18,Male,Diploma,11.6,86.4,67.8,23.1,86.6,No,Yes,Yes,7.3,65.3,Merit,Yes,Excellent (>85%),Medium (8-16 hrs),Low Risk,6.53
STU2098,18,Male,High School,12.8,86.4,39.2,17.2,79.5,No,Yes,No,6.8,54.5,Pass,Yes,Excellent (>85%),Medium (8-16 hrs),Moderate Risk,5.45
STU2099,20,Male,Bachelor,11.4,88.0,54.0,19.4,82.0,Yes,Yes,No,8.1,64.6,Pass,Yes,Excellent (>85%),Medium (8-16 hrs),Moderate Risk,6.46
STU2100,19,Male,High School,15.1,44.4,59.3,25.3,57.3,No,Yes,Yes,10.0,50.6,Pass,Yes,Critical (<65%),Medium (8-16 hrs),High Risk,5.06
STU2101,18,Female,Diploma,27.4,97.4,37.3,16.8,86.7,No,Yes,No,7.4,52.9,Pass,Yes,Excellent (>85%),High (>16 hrs),Moderate Risk,5.29
STU2102,22,Female,Diploma,5.6,88.5,49.5,21.0,86.0,No,Yes,No,7.7,51.8,Pass,Yes,Excellent (>85%),Low (<8 hrs),Moderate Risk,5.18
STU2103,21,Male,High School,13.9,85.2,61.2,24.0,78.3,No,Yes,Yes,5.9,59.7,Pass,Yes,Excellent (>85%),Medium (8-16 hrs),Moderate Risk,5.97
STU2104,21,Male,Diploma,6.8,89.9,63.5,24.8,81.3,No,Yes,Yes,7.2,59.2,Pass,Yes,Excellent (>85%),Low (<8 hrs),Moderate Risk,5.92
STU2105,23,Female,High School,5.3,89.4,72.1,35.0,87.8,No,Yes,No,6.6,66.5,Merit,Yes,Excellent (>85%),Low (<8 hrs),Low Risk,6.65
STU2106,18,Male,Diploma,20.3,91.0,62.1,33.3,77.2,No,Yes,No,7.9,72.9,Merit,Yes,Excellent (>85%),High (>16 hrs),Low Risk,7.29
STU2107,19,Male,Master,14.5,65.8,68.5,23.6,62.8,No,No,No,5.4,52.0,Pass,Yes,Moderate (65-75%),Medium (8-16 hrs),Moderate Risk,5.2
STU2108,20,Female,Diploma,5.1,94.8,59.2,25.5,80.8,Yes,Yes,Yes,5.8,64.1,Pass,Yes,Excellent (>85%),Low (<8 hrs),Moderate Risk,6.41
STU2109,20,Male,Diploma,11.6,85.4,65.6,32.1,77.0,No,Yes,Yes,8.3,65.7,Merit,Yes,Excellent (>85%),Medium (8-16 hrs),Low Risk,6.57
STU2110,18,Male,Diploma,7.7,75.6,71.3,32.0,67.5,Yes,Yes,No,7.2,66.1,Merit,Yes,Good (75-85%),Low (<8 hrs),Low Risk,6.61
STU2111,20,Male,Bachelor,3.0,75.7,85.6,34.6,74.6,No,Yes,Yes,8.5,68.4,Merit,Yes,Good (75-85%),Low (<8 hrs),Low Risk,6.84
STU2112,18,Female,Bachelor,11.8,92.0,57.8,24.3,90.4,Yes,Yes,No,7.4,71.2,Merit,Yes,Excellent (>85%),Medium (8-16 hrs),Low Risk,7.12
STU2113,18,Male,High School,18.1,72.3,67.0,31.2,76.3,No,Yes,Yes,7.6,60.1,Pass,Yes,Moderate (65-75%),High (>16 hrs),Moderate Risk,6.01
STU2114,19,Female,Bachelor,17.1,84.5,77.2,33.7,76.4,No,Yes,Yes,6.7,77.0,Merit,Yes,Good (75-85%),High (>16 hrs),Low Risk,7.7
STU2115,19,Female,Bachelor,10.4,85.4,44.8,20.0,89.6,Yes,Yes,Yes,6.8,66.2,Merit,Yes,Excellent (>85%),Medium (8-16 hrs),Low Risk,6.62
STU2116,19,Male,Bachelor,20.8,75.5,93.0,41.8,74.7,No,Yes,Yes,8.1,84.9,Distinction,Yes,Good (75-85%),High (>16 hrs),Low Risk,8.49
STU2117,18,Male,High School,24.6,91.6,81.5,34.8,82.1,No,No,Yes,6.8,70.4,Merit,Yes,Excellent (>85%),High (>16 hrs),Low Risk,7.04
STU2118,21,Male,High School,18.2,96.1,41.0,21.3,94.0,No,Yes,Yes,8.3,57.7,Pass,Yes,Excellent (>85%),High (>16 hrs),Moderate Risk,5.77
STU2119,19,Male,Bachelor,9.5,76.0,70.2,29.9,77.8,No,Yes,No,6.9,68.1,Merit,Yes,Good (75-85%),Medium (8-16 hrs),Low Risk,6.81
STU2120,18,Male,Bachelor,12.0,89.3,57.1,22.2,87.5,No,Yes,No,5.7,60.8,Pass,Yes,Excellent (>85%),Medium (8-16 hrs),Moderate Risk,6.08
STU2121,21,Female,Bachelor,27.0,84.1,59.4,34.5,72.8,No,Yes,Yes,5.6,70.1,Merit,Yes,Good (75-85%),High (>16 hrs),Low Risk,7.01
STU2122,22,Female,High School,10.8,81.5,69.9,31.2,76.4,No,Yes,No,6.8,65.2,Merit,Yes,Good (75-85%),Medium (8-16 hrs),Low Risk,6.52
STU2123,21,Female,High School,17.2,99.1,79.7,26.8,96.6,No,Yes,Yes,8.0,70.0,Merit,Yes,Excellent (>85%),High (>16 hrs),Low Risk,7.0
STU2124,20,Male,Bachelor,8.5,89.8,58.5,30.7,82.9,Yes,Yes,Yes,6.3,68.0,Merit,Yes,Excellent (>85%),Medium (8-16 hrs),Low Risk,6.8
STU2125,20,Female,Bachelor,20.9,63.0,58.7,30.8,67.8,No,No,No,7.8,54.7,Pass,Yes,Critical (<65%),High (>16 hrs),Moderate Risk,5.47
STU2126,19,Female,High School,8.0,92.7,70.2,33.2,86.6,No,Yes,No,7.1,70.9,Merit,Yes,Excellent (>85%),Low (<8 hrs),Low Risk,7.09
STU2127,18,Female,High School,12.3,78.7,73.0,35.1,81.9,Yes,Yes,No,7.7,69.8,Merit,Yes,Good (75-85%),Medium (8-16 hrs),Low Risk,6.98
STU2128,19,Male,Diploma,16.9,81.9,50.9,30.5,73.0,Yes,Yes,Yes,6.7,65.9,Merit,Yes,Good (75-85%),High (>16 hrs),Low Risk,6.59
STU2129,19,Female,Bachelor,29.7,74.7,89.1,36.7,73.8,Yes,Yes,No,7.2,82.4,Distinction,Yes,Moderate (65-75%),High (>16 hrs),Low Risk,8.24
STU2130,19,Male,Bachelor,14.4,68.3,56.0,25.7,60.3,Yes,Yes,No,8.0,62.2,Pass,Yes,Moderate (65-75%),Medium (8-16 hrs),Moderate Risk,6.22
STU2131,20,Male,Bachelor,11.2,77.1,78.5,42.2,77.8,Yes,Yes,Yes,7.0,80.5,Distinction,Yes,Good (75-85%),Medium (8-16 hrs),Low Risk,8.05
STU2132,19,Male,Bachelor,10.7,80.1,71.3,39.7,80.7,Yes,No,Yes,6.4,71.7,Merit,Yes,Good (75-85%),Medium (8-16 hrs),Low Risk,7.17
STU2133,18,Female,High School,20.4,94.4,73.5,31.8,76.9,No,Yes,No,5.0,66.2,Merit,Yes,Excellent (>85%),High (>16 hrs),Low Risk,6.62
STU2134,18,Female,Bachelor,16.2,89.5,56.3,32.4,86.2,Yes,Yes,No,7.6,69.9,Merit,Yes,Excellent (>85%),High (>16 hrs),Low Risk,6.99
STU2135,20,Male,Master,17.9,58.6,40.9,21.2,59.3,Yes,Yes,Yes,6.2,61.8,Pass,Yes,Critical (<65%),High (>16 hrs),High Risk,6.18
STU2136,18,Male,Master,26.0,76.5,64.7,34.3,66.0,Yes,Yes,Yes,6.4,78.0,Merit,Yes,Good (75-85%),High (>16 hrs),Low Risk,7.8
STU2137,21,Male,Bachelor,13.2,82.9,64.8,31.9,76.4,Yes,Yes,Yes,5.8,70.0,Merit,Yes,Good (75-85%),Medium (8-16 hrs),Low Risk,7.0
STU2138,19,Male,Diploma,15.6,64.4,51.6,24.3,59.0,Yes,Yes,No,6.7,55.9,Pass,Yes,Critical (<65%),Medium (8-16 hrs),Moderate Risk,5.59
STU2139,19,Male,Bachelor,10.6,74.4,77.9,42.8,70.4,No,Yes,No,9.3,64.5,Pass,Yes,Moderate (65-75%),Medium (8-16 hrs),Moderate Risk,6.45
STU2140,19,Male,Bachelor,8.3,97.2,64.3,27.1,85.7,No,Yes,Yes,7.4,69.7,Merit,Yes,Excellent (>85%),Medium (8-16 hrs),Low Risk,6.97
STU2141,21,Female,Bachelor,9.2,95.3,53.7,30.8,91.5,No,Yes,Yes,6.3,63.5,Pass,Yes,Excellent (>85%),Medium (8-16 hrs),Moderate Risk,6.35
STU2142,19,Male,High School,2.6,75.9,73.2,40.2,78.6,No,Yes,No,6.5,70.4,Merit,Yes,Good (75-85%),Low (<8 hrs),Low Risk,7.04
STU2143,20,Male,Master,16.8,81.1,73.6,37.9,78.9,Yes,Yes,No,5.4,76.2,Merit,Yes,Good (75-85%),High (>16 hrs),Low Risk,7.62
STU2144,19,Male,Diploma,15.9,77.8,55.0,24.5,64.9,Yes,Yes,No,5.8,66.0,Merit,Yes,Good (75-85%),Medium (8-16 hrs),Low Risk,6.6
STU2145,19,Female,High School,16.6,78.4,82.3,37.9,83.5,Yes,Yes,Yes,5.6,80.2,Distinction,Yes,Good (75-85%),High (>16 hrs),Low Risk,8.02
STU2146,21,Female,High School,8.0,73.8,96.4,38.9,75.4,No,Yes,No,7.3,73.7,Merit,Yes,Moderate (65-75%),Low (<8 hrs),Low Risk,7.37
STU2147,20,Female,Bachelor,9.3,76.6,49.7,20.8,64.3,Yes,Yes,No,7.5,57.0,Pass,Yes,Good (75-85%),Medium (8-16 hrs),Moderate Risk,5.7
STU2148,20,Male,Diploma,9.2,75.8,62.4,30.3,79.4,No,Yes,Yes,7.1,62.0,Pass,Yes,Good (75-85%),Medium (8-16 hrs),Moderate Risk,6.2
STU2149,21,Female,High School,21.9,59.8,69.7,26.4,55.9,Yes,Yes,No,7.4,63.5,Pass,Yes,Critical (<65%),High (>16 hrs),High Risk,6.35
STU2150,21,Male,Bachelor,14.1,86.6,96.9,42.6,82.2,Yes,Yes,No,6.2,81.7,Distinction,Yes,Excellent (>85%),Medium (8-16 hrs),Low Risk,8.17
STU2151,20,Female,Bachelor,13.2,65.0,54.7,31.4,64.8,No,Yes,No,5.7,53.0,Pass,Yes,Critical (<65%),Medium (8-16 hrs),Moderate Risk,5.3
STU2152,21,Female,Bachelor,18.7,56.6,51.8,22.8,58.0,No,Yes,No,5.7,56.1,Pass,Yes,Critical (<65%),High (>16 hrs),High Risk,5.61
STU2153,20,Female,High School,9.2,88.6,51.8,26.9,89.8,No,Yes,No,5.7,59.6,Pass,Yes,Excellent (>85%),Medium (8-16 hrs),Moderate Risk,5.96
STU2154,20,Female,Bachelor,15.4,83.9,82.1,38.9,77.5,No,Yes,Yes,7.4,79.5,Merit,Yes,Good (75-85%),Medium (8-16 hrs),Low Risk,7.95
STU2155,20,Female,High School,31.6,60.5,55.1,23.7,53.9,No,Yes,Yes,9.2,53.1,Pass,Yes,Critical (<65%),High (>16 hrs),Moderate Risk,5.31
STU2156,20,Male,Diploma,23.6,87.1,53.1,23.4,89.9,No,Yes,No,5.8,63.9,Pass,Yes,Excellent (>85%),High (>16 hrs),Moderate Risk,6.39
STU2157,18,Female,Diploma,15.3,89.4,68.2,31.3,91.0,No,Yes,No,6.6,72.7,Merit,Yes,Excellent (>85%),Medium (8-16 hrs),Low Risk,7.27
STU2158,21,Male,Bachelor,13.4,46.1,69.3,24.0,56.0,Yes,Yes,No,7.2,63.4,Pass,Yes,Critical (<65%),Medium (8-16 hrs),High Risk,6.34
STU2159,21,Female,Diploma,16.5,73.9,80.0,39.3,71.1,No,Yes,Yes,6.7,72.1,Merit,Yes,Moderate (65-75%),High (>16 hrs),Low Risk,7.21
STU2160,18,Male,High School,25.2,69.4,66.3,29.4,60.4,No,Yes,No,7.4,61.9,Pass,Yes,Moderate (65-75%),High (>16 hrs),Moderate Risk,6.19
STU2161,21,Male,Diploma,24.3,82.1,68.5,34.3,83.3,No,No,No,6.4,71.7,Merit,Yes,Good (75-85%),High (>16 hrs),Low Risk,7.17
STU2162,18,Male,Diploma,27.3,86.4,63.5,29.9,72.0,No,Yes,No,6.3,69.1,Merit,Yes,Excellent (>85%),High (>16 hrs),Low Risk,6.91
STU2163,19,Male,Master,14.5,82.7,46.7,20.4,69.3,No,Yes,No,6.8,55.4,Pass,Yes,Good (75-85%),Medium (8-16 hrs),Moderate Risk,5.54
STU2164,20,Male,Master,3.3,70.2,62.2,28.7,69.9,No,Yes,No,7.4,57.9,Pass,Yes,Moderate (65-75%),Low (<8 hrs),Moderate Risk,5.79
STU2165,18,Female,High School,30.5,89.6,65.9,30.4,75.9,No,Yes,Yes,8.4,70.3,Merit,Yes,Excellent (>85%),High (>16 hrs),Low Risk,7.03
STU2166,20,Male,High School,8.3,83.7,58.8,31.6,68.7,No,Yes,Yes,7.4,63.9,Pass,Yes,Good (75-85%),Medium (8-16 hrs),Moderate Risk,6.39
STU2167,21,Male,High School,3.6,68.3,43.1,19.6,66.3,No,Yes,Yes,6.7,42.0,At-Risk,No,Moderate (65-75%),Low (<8 hrs),High Risk,4.2
STU2168,19,Female,Bachelor,18.6,91.5,49.1,23.1,76.8,No,Yes,No,7.9,62.0,Pass,Yes,Excellent (>85%),High (>16 hrs),Moderate Risk,6.2
STU2169,18,Male,High School,3.4,90.1,64.4,24.6,76.3,Yes,Yes,Yes,8.1,63.9,Pass,Yes,Excellent (>85%),Low (<8 hrs),Moderate Risk,6.39
STU2170,19,Female,High School,13.0,43.9,78.1,35.0,45.0,No,Yes,No,6.7,58.7,Pass,Yes,Critical (<65%),Medium (8-16 hrs),High Risk,5.87
STU2171,20,Female,Bachelor,3.3,91.9,88.6,45.0,78.4,Yes,Yes,Yes,6.8,87.3,Distinction,Yes,Excellent (>85%),Low (<8 hrs),Low Risk,8.73
STU2172,23,Female,High School,10.8,77.4,62.4,29.6,78.5,No,Yes,No,6.5,64.6,Pass,Yes,Good (75-85%),Medium (8-16 hrs),Moderate Risk,6.46
STU2173,20,Female,High School,27.3,45.9,55.0,21.0,58.3,Yes,Yes,No,7.9,55.4,Pass,Yes,Critical (<65%),High (>16 hrs),High Risk,5.54
STU2174,19,Male,Diploma,15.4,73.7,59.8,23.5,70.6,No,Yes,No,7.1,58.4,Pass,Yes,Moderate (65-75%),Medium (8-16 hrs),Moderate Risk,5.84
STU2175,20,Female,High School,13.0,82.1,50.4,20.1,77.6,No,Yes,No,5.5,57.9,Pass,Yes,Good (75-85%),Medium (8-16 hrs),Moderate Risk,5.79
STU2176,19,Male,Diploma,16.3,87.1,76.0,37.7,71.6,Yes,Yes,Yes,7.4,77.5,Merit,Yes,Excellent (>85%),High (>16 hrs),Low Risk,7.75
STU2177,20,Male,Master,2.0,91.5,94.9,45.8,75.4,Yes,Yes,Yes,8.6,89.1,Distinction,Yes,Excellent (>85%),Low (<8 hrs),Low Risk,8.91
STU2178,18,Female,High School,9.1,70.2,55.3,12.8,64.3,No,Yes,No,8.7,49.7,At-Risk,No,Moderate (65-75%),Medium (8-16 hrs),High Risk,4.97
STU2179,20,Male,Diploma,9.8,95.5,48.3,21.5,87.7,Yes,Yes,No,6.5,62.5,Pass,Yes,Excellent (>85%),Medium (8-16 hrs),Moderate Risk,6.25
STU2180,19,Female,Master,17.6,94.5,79.1,36.1,90.9,Yes,Yes,No,6.2,83.5,Distinction,Yes,Excellent (>85%),High (>16 hrs),Low Risk,8.35
STU2181,22,Female,Bachelor,7.3,84.3,69.5,27.9,81.1,No,Yes,No,9.1,69.8,Merit,Yes,Good (75-85%),Low (<8 hrs),Low Risk,6.98
STU2182,19,Female,Diploma,14.2,91.6,69.7,30.0,82.0,No,Yes,No,8.7,65.9,Merit,Yes,Excellent (>85%),Medium (8-16 hrs),Low Risk,6.59
STU2183,20,Female,Bachelor,12.3,51.0,87.2,43.9,48.1,No,Yes,Yes,7.5,67.3,Merit,Yes,Critical (<65%),Medium (8-16 hrs),High Risk,6.73
STU2184,21,Male,High School,9.3,89.0,45.9,22.1,87.9,No,Yes,No,5.1,50.7,Pass,Yes,Excellent (>85%),Medium (8-16 hrs),Moderate Risk,5.07
STU2185,18,Male,Bachelor,9.7,81.2,45.5,18.7,74.1,Yes,Yes,Yes,6.3,60.7,Pass,Yes,Good (75-85%),Medium (8-16 hrs),Moderate Risk,6.07
STU2186,21,Female,Master,12.3,74.9,62.7,27.6,77.2,Yes,No,Yes,5.8,55.0,Pass,Yes,Moderate (65-75%),Medium (8-16 hrs),Moderate Risk,5.5
STU2187,20,Male,Bachelor,4.0,80.5,65.9,28.9,76.6,Yes,Yes,Yes,9.0,59.9,Pass,Yes,Good (75-85%),Low (<8 hrs),Moderate Risk,5.99
STU2188,18,Female,Diploma,18.8,44.7,60.0,28.0,56.1,No,Yes,Yes,5.3,49.7,At-Risk,No,Critical (<65%),High (>16 hrs),High Risk,4.97
STU2189,19,Female,High School,8.3,75.5,98.0,39.1,81.0,No,Yes,Yes,9.0,82.1,Distinction,Yes,Good (75-85%),Medium (8-16 hrs),Low Risk,8.21
STU2190,20,Female,Bachelor,11.2,95.2,60.7,25.0,95.1,Yes,Yes,No,6.9,69.1,Merit,Yes,Excellent (>85%),Medium (8-16 hrs),Low Risk,6.91
STU2191,18,Male,Bachelor,26.8,45.4,57.3,29.4,52.5,Yes,Yes,No,5.7,59.0,Pass,Yes,Critical (<65%),High (>16 hrs),High Risk,5.9
STU2192,19,Male,Bachelor,19.0,90.1,66.7,29.8,83.3,No,Yes,Yes,8.1,73.0,Merit,Yes,Excellent (>85%),High (>16 hrs),Low Risk,7.3
STU2193,19,Male,High School,6.6,91.7,78.6,32.4,79.5,No,Yes,No,7.7,74.4,Merit,Yes,Excellent (>85%),Low (<8 hrs),Low Risk,7.44
STU2194,20,Male,Bachelor,2.0,69.0,54.8,21.8,77.0,No,Yes,Yes,5.6,50.4,Pass,Yes,Moderate (65-75%),Low (<8 hrs),Moderate Risk,5.04
STU2195,18,Female,Bachelor,16.6,86.4,62.9,30.8,79.6,No,Yes,Yes,7.0,69.4,Merit,Yes,Excellent (>85%),High (>16 hrs),Low Risk,6.94
STU2196,21,Male,High School,11.4,76.0,79.0,33.7,65.8,No,Yes,No,8.5,68.1,Merit,Yes,Good (75-85%),Medium (8-16 hrs),Low Risk,6.81
STU2197,22,Male,High School,14.3,67.6,79.8,37.7,66.0,No,Yes,No,6.5,71.0,Merit,Yes,Moderate (65-75%),Medium (8-16 hrs),Low Risk,7.1
STU2198,22,Male,High School,18.7,80.3,68.0,28.4,68.8,No,Yes,Yes,8.8,64.0,Pass,Yes,Good (75-85%),High (>16 hrs),Moderate Risk,6.4
STU2199,20,Female,Bachelor,20.2,68.5,98.0,40.1,68.0,No,Yes,Yes,6.2,81.4,Distinction,Yes,Moderate (65-75%),High (>16 hrs),Low Risk,8.14
STU2200,18,Female,Bachelor,10.2,77.5,92.7,42.6,75.5,No,Yes,No,5.2,76.2,Merit,Yes,Good (75-85%),Medium (8-16 hrs),Low Risk,7.62
